CCL__ID	CCL__form	CCL__meaning_en
C553	ⲃⲏⲧⲉ, ϩⲃⲏⲧⲉ	scale-like plate
C572	ⲃⲁⲧⲥ, ⲃⲁⲥⲧ	combat, quarrel
C567	ⲃⲱⲧⲥ	array, war
C597	ⲃⲟⲩϩⲉ, ⲥⲣⲉⲃⲣⲟⲩⲃⲉ	eyelid, eyebrows
C596	ⲃⲱⲱϩ, ⲃⲟϩ	an idol at Alexandria
C602	ⲃⲱϩⲛ	cover
C603	ⲃⲱϩⲛ, ⲃⲁϩⲛ	canopy, awning
C604	ⲃⲁϩⲥⲉ	heifer
C627	ⲉⲃⲓⲧ	honey dealer
C272	ⲁϥ ⲛⲉⲃⲓⲱ, ⲁϥ ⲙⲃⲓⲟⲩ, ⲉⲃⲓⲱ	bee
C624	ⲉⲃⲓⲱ	honey
C610	ⲃⲏϭ, ⲃϭ, ⲃⲏϫ, ⲃⲉϫⲓ	falcon
C341	ⲃⲟⲓⲛⲉ, ⲃⲁⲓⲛⲉ, ⲟⲩⲱⲓⲛⲓ	harp
C471	ⲃⲟⲟⲛⲉ, ⲙⲃⲟⲛ	bad, evil
C472	ⲃⲟⲟⲛⲉ	evil, misfortune
C470	ⲃⲱⲱⲛ, ⲙⲃⲟⲛ	bad, evil
C628	ⲉⲃⲓⲏⲛ, ⲃⲱⲱⲛ	a poor, wretched person
C629	ⲉⲃⲓⲏⲛ, ⲃⲱⲱⲛ	a poor, wretched person
C630	ⲉⲃⲓⲏⲛ, ϫⲱⲃ	miserable, wretched
C319	ⲃⲁ, ⲃⲟⲓ, ⲃⲁⲉ, ⲃⲁⲉⲓ, ⲃⲁⲓ, ⲃⲉⲓ, ⲃⲁⲓⲉ, ⲃⲁⲉⲓⲏ	branch of date-palm
C620	ⲉⲃⲏ	darkening, confusion
C363	ⲃⲟⲕⲓ, ⲃⲁⲕⲉ, ⲃⲁⲕⲏ	pregnant
C484	ⲃⲛⲛⲉ	date palm-tree
C3363	ⲥⲟⲃⲛ	make breeze, make cool
C404	ⲃⲱⲗ, ⲃⲟⲗ, ⲃⲱⲣ, ⲃⲉⲗ, ⲃⲁⲗ, ⲃⲁⲣ, ⲃⲏⲗ	loosen, untie
C409	ⲃⲱⲗ	solution, interpretation
C762	ⲉⲩⲛⲓ	nether millstone, mill
C439	ⲃⲟⲗⲃⲗ, ⲫⲟⲣⲡⲉⲣ	be undermined
C2831	ⲡⲟⲙⲡⲉⲙ	swell, overflow
C2856	ⲡⲛⲛⲏ, ⲡⲛⲏ, ⲃⲉⲛⲛⲏ	doorpost, threshold, step
C415	ⲃⲟⲗ	the outside
C446	ⲃⲗⲕⲉ, ⲃⲱⲗⲕ	wrath
C444	ⲃⲱⲗⲕ, ϭⲱⲛⲧ	be wrath
C445	ⲃⲱⲗⲕ, ⲙⲃⲟⲛ	wrath
C501	ⲃⲁⲁⲣⲉ	boat, barge
C500	ⲃⲓⲣⲉ, ⲃⲁⲓⲣⲉ	basket
C499	ⲃⲓⲣ	basket
C400	ⲃⲁⲗ, ⲃⲉⲗ, ⲃⲉⲗⲗ, ⲉⲓⲁⲧ	eye
C448	ⲃⲗⲗⲉ	blind person
C449	ⲃⲗⲗⲉ	blind
C450	ⲃⲗⲗⲏ	blind person
C508	ⲃⲣⲃⲣ, ϩⲙⲟⲙ	boil, boil up/over, blaze
C511	ⲃⲣⲃⲣ	boiling heat, eruption
C512	ⲃⲉⲣⲃⲓⲣ	missile, javelin
C502	ⲃⲱⲣⲉ, ϥⲟⲣⲓ, ⲫⲟⲣⲓ	a fish
C13	ⲁⲃⲉⲣⲏϫ	rubellite
C536	ⲃⲱⲣϭ	break asunder
C636	ⲉⲃⲣⲏϭⲉ, ⲃⲃⲣⲏϭⲉ, ⲃⲃⲣⲉϭⲉ, ⲉⲃⲣⲏϫ	lightning
C540	ⲃⲏⲥ	the god Bes
C578	ⲃⲉⲉϣ, ⲃⲏⲏϣ	unripe fruit
C542	ⲃⲉⲥⲛⲏⲧ	smith
C555	ⲃⲟⲧⲉ	hateful thing, abomination
C556	ⲃⲟⲧⲉ	hateful thing, abomination
C575	ⲃⲏⲩ	outrage
C320	ⲃⲁ, ⲃⲉ, ⲃⲓ, ⲃⲉⲛⲓⲡⲉ	Eisen
C339	ⲃⲁⲓ, ⲃⲉⲓ, ϩⲣⲟⲩⲃⲁⲓ	sky
C340	ⲃⲁⲓ, ⲃⲉⲓ, ϩⲣⲟⲩⲃⲁⲓ	sky
C338	ⲃⲁⲓ	spirit
C340	ⲃⲁⲓ, ⲃⲉⲓ, ϩⲣⲟⲩⲃⲁⲓ	sky
C515	ⲃⲁⲣⲏⲓⲧ, ⲃⲁⲣⲉⲓⲧ, ⲃⲁⲣⲏⲟⲩⲧ, ⲃⲁⲣⲓⲧ, ⲃⲁ	he-goat
C329	ⲃⲉⲉⲃⲉ, ⲃⲉⲃⲉ, ⲃⲉⲃⲟⲩ, ⲃⲉⲃⲓ	bubble, well up
C333	ⲃⲏⲃ, ⲃⲁⲃ	cave, hole, den, nest
C442	ⲃⲗⲃⲓⲗⲉ, ⲛⲁⲫⲣⲓ	grain
C576	ⲃⲟⲟⲩ	heap
C323	ⲃⲱ, ⲃⲟⲩ, ⲕⲛⲧⲉ	tree
C594	ⲃⲁϩ, ϥⲁϩ	penis
C347	ⲃⲁⲕⲓ	city, town
C350	ⲃⲉⲕⲉ, ⲃⲉⲉⲕⲉ, ⲃⲏⲕⲉ, ⲃⲉⲭⲉ, ⲃⲁⲭⲉ, ⲃⲉⲕⲏ, ⲃⲓⲕⲉ, ⲃⲉⲕⲏⲩⲉ, ⲃⲉⲕⲉⲩⲉ, ⲃⲉⲕⲏⲟⲩⲉ, ⲃⲉⲭⲏⲟⲩⲓ, ⲃⲉⲕⲁⲩⲉ, ⲃⲉⲕⲁⲩⲓ, ⲃⲱⲕ	wage
C391	ⲃⲱⲕ, ⲉⲃⲓⲁⲓⲕ, ⲃⲁⲓⲁⲓⲕ, ϩⲙϩⲁⲗ	servant, slave
C397	ⲃⲱⲕⲓ, ⲃⲱⲕ	servant, slave
C361	ⲃⲏⲕⲉ	woof
C447	ⲃⲁⲗⲕⲟⲩ	bottle for water
C538	ⲃⲁⲥ, ⲃⲏⲥⲉ	an utensile of bronze
C539	ⲃⲏⲥⲉ, ⲃⲁⲥ	pail, well-bucket
C319	ⲃⲁ, ⲃⲟⲓ, ⲃⲁⲉ, ⲃⲁⲉⲓ, ⲃⲁⲓ, ⲃⲉⲓ, ⲃⲁⲓⲉ, ⲃⲁⲉⲓⲏ	branch of date-palm
C329	ⲃⲉⲉⲃⲉ, ⲃⲉⲃⲉ, ⲃⲉⲃⲟⲩ, ⲃⲉⲃⲓ	bubble, well up
C4651	ϯⲟⲩ	five
C4051	ϯ	battle, fight
C4589	ϯ	make give, require
C4655	ⲧⲁⲓⲟⲩ	fifty
C2531	ⲛⲧⲉ	prefixe of conjunctive
C4149	ⲧⲁⲓ, ⲧⲏ	here
C4018	ⲧⲏ, ⲧⲁⲓ	there
C4020	ϯ	give, pay, sell
C4022	ϯ	gift, bounty
C4589	ϯ	make give, require
C4323	ⲧⲙⲉⲧ	totality
C4324	ⲧⲱⲙⲧ	meet, befall
C4325	ⲧⲱⲙⲧ	meeting, event
C4409	ⲧⲟⲡ	edge, end, bord of garment
C4418	ⲧⲱⲡⲉ	taste
C4419	ϯⲡⲉ	taste
C7236	ϫⲁⲛⲉ	box, ark
C7238	ϫⲁⲛⲟ	basket
C4084	ⲧⲱⲱⲃⲉ	brick, adobe
C4085	ⲧⲱⲱⲃⲉ	brick, adobe
C3800	ⲥⲧⲉⲃⲁⲉⲓϩ, ⲥⲟⲧⲃⲉϥ	tool, utensil, weapon
C706	ⲉⲣⲏⲧ, ⲧⲱⲃϩ	vow, promise, devote
C4143	ⲧⲱⲃϩ	pray, entreat
C4144	ⲧⲱⲃϩ	prayer
C4271	ⲧⲉⲗϥⲓ	a kind of lizard
C4378	ⲧⲛϩ	wing
C7271	ϫⲛⲁϩ	forearm, wing
C4261	ⲧⲱⲗⲙ	be defiled, be besmirched
C4262	ⲧⲱⲗⲙ	stain, pollution
C4093	ⲧⲱⲱⲃⲉ	repay, requite
C4094	ⲧⲱⲱⲃⲉ	requital
C4166	ⲧⲁⲓⲃⲉ	chest, coffin, pouch, large box
C4167	ⲧⲁⲓⲃⲉ	chest, coffin, pouch, large box
C493	ⲃⲛⲧⲛⲉϭⲗⲟϭ, ϭⲗⲟϭ	gourd
C7697	ϭⲗⲟϭ	gourd
C7255	ϫⲛⲓⲧ	trial
C4408	ϯⲡⲉ	loins
C4870	ⲧⲱϭⲣ	be fixed, be joined
C4092	ⲧⲃⲃⲉ, ⲧⲉⲃⲓ	seal
C4078	ⲧⲉⲃⲓ, ⲧⲃⲃⲉ	obole
C4079	ⲧⲉⲃⲓ, ⲧⲃⲃⲉ	obole
C4081	ⲧⲏⲏⲃⲉ	finger
C4089	ⲧⲟⲟⲃⲉⲥ, ⲧⲟⲟⲃϥ	seal's impress
C4090	ⲧⲟⲟⲃⲉⲥ, ⲧⲟⲟⲃϥ	seal's impress
C4086	ⲧⲱⲱⲃⲉ	seal
C4088	ⲧⲱⲱⲃⲉ	seal
C4093	ⲧⲱⲱⲃⲉ	repay, requite
C4094	ⲧⲱⲱⲃⲉ	requital
C7127	ϫⲟⲟⲕⲉϥ	goad, sting
C7124	ϫⲱⲕⲉ	prick, sting, goad
C7125	ϫⲱⲕⲉ	prick, sting
C7126	ϫⲱⲕⲉ	hole
C4236	ⲑⲗⲏ, ⲧⲗⲧⲗ	drip, let drop
C4266	ⲧⲗⲧⲗ, ⲧⲗⲏ	drip, let drop
C4267	ⲧⲗⲧⲗ	dripping
C4268	ⲧⲗϯⲗⲉ	drop
C4269	ⲧⲗϯⲗⲉ	drop
C3349	ϣϫⲥⲱⲃⲉ, ϣⲁϫⲉ	rediculous, jesting talk
C6216	ϣⲁϫⲉ	speak, say
C6217	ϣⲁϫⲉ	saying, word, affair
C300	ⲁϫⲱ, ⲁϫⲓ, ⲁϫⲉ, ⲁϫⲟ, ⲁϫⲟⲧ, ⲉϫⲓ, ϫⲱ	say!
C7089	ϫⲱ	say, speak, tell
C7091	ϫⲱ	singing, song
C7098	ϫⲱ	cup
C2561	ⲛⲧⲉⲣⲉ	when, after
C7521	ϫⲁϫⲉ	enemy
C7522	ϫⲁϫⲉ	enemy
C7523	ϫⲁϫⲉ	hostile
C7165	ϫⲗⲉ	hindrance
C7166	ϫⲗⲉ, ϭⲗⲟ	fence
C7084	ϫⲟ, ϫⲟⲉ	wall
C7089	ϫⲱ	say, speak, tell
C7091	ϫⲱ	singing, song
C7097	ϫⲱ, ϫⲱϫ	head
C7098	ϫⲱ	cup
C4842	ⲧⲁϫⲣⲟ, ϫⲣⲟ	make strong, make firm, make fast
C7332	ϫⲣⲟ	be or become strong, firm
C7333	ϫⲣⲟ	strength
C7164	ϫⲱⲱⲗⲉ	be hindered
C7642	ϭⲗⲟ	surround
C7643	ϭⲗⲟ, ϭⲣⲟ	hedge, fence
C7700	ϭⲗⲟ	gourd
C7644	ϭⲣⲱ	hedge, fence
C7328	ϫⲱⲱⲣⲉ	scatter, disperse
C7340	ϫⲱⲱⲣⲉ	power, strength
C7341	ϫⲱⲱⲣⲉ	strong, powerful
C7417	ϫⲁⲧϥⲉ	reptile
C4873	ⲧⲁϭⲥⲉ	foot-sole, foot-print
C4225	ⲧⲱⲕⲥ	be pierced, be studded, be fixed, be settled
C4226	ⲧⲱⲕⲥ	piercing, fixture, settlement, pricking, admonition
C4852	ⲧⲁϭ	lump, piece, cake
C4853	ⲧⲁϭ	lump, piece, cake
C4858	ⲧⲱⲱϭⲉ	be fixed, be joined
C4879	ⲧⲱⲱϭⲉ	press firmly
C7075	ϫⲟ	plant, sow
C7076	ϫⲟ	planting, sowing
C7084	ϫⲟ, ϫⲟⲉ	wall
C815	ⲑⲉⲣϣ	linseed
C2018	ⲙⲏⲣϣ, ⲙⲉⲣϣ, ⲙⲣϣ	red, ruddy
C2017	ⲙⲣⲟϣ, ⲙⲣⲁϣ	be red or yellow
C746	ⲉⲧⲏϣⲓ, ⲧⲱⲣϣ	rust , mildew
C4529	ⲧⲱⲣϣ	be red
C4530	ⲧⲱⲣϣ	red
C747	ⲉⲧⲏϣⲓ, ⲉⲧⲉϣⲓ, ⲧⲱⲣϣ	crane, flamingo
C7306	ϫⲏⲣ	be boisterous, merry
C7307	ϫⲏⲣ	boisterousness, sport, revelling
C7328	ϫⲱⲱⲣⲉ	scatter, disperse
C301	ⲁϫⲱ, ⲁϫⲟ, ⲁϫⲟⲩ, ⲉϫⲱ, ⲉϫⲟⲩ, ϩⲃⲱ 	viper
C4661	ⲧⲟⲟⲩ	mountain
C4737	ⲧϩⲟ, ϩⲟⲟⲩ	be bad
C4738	ⲧϩⲟ	badness
C823	ⲑⲟϩ	become bad
C3881	ⲥⲟⲟⲩⲧⲛ	be straight, upright, stretch
C3883	ⲥⲟⲟⲩⲧⲛ	uprightness
C4674	ⲧⲱⲟⲩⲛ	arise
C4675	ⲧⲱⲟⲩⲛ	rising, resurrection
C6953	ϩⲧⲟⲟⲩⲉ	dawn, morning
C4017	ⲧⲏ	underworld
C7098	ϫⲱ	cup
C7097	ϫⲱ, ϫⲱϫ	head
C7497	ϫⲱϫ	head, capital
C7087	ϫⲟⲓ	ship, boat
C7410	ϫⲱⲧⲉ	pierce, penetrate
C7411	ϫⲱⲧⲉ	penetration
C7935	ϭⲓⲱϯ	tip
C7448	ϫⲁϥ	frost
C7449	ϫⲁϥ	a disease
C7455	ϫⲟⲩϥ	burn, scorch
C7457	ϫⲟⲩϥ	burning, ardour, heat
C7216	ϫⲱⲙ	endeavour, make an effort
C7215	ϫⲱⲙ	generation
C7424	ϫⲱⲟⲩ, ϫⲱⲙ	generation
C2334	ⲙⲉϫⲏⲗ	soot
C7321	ϫⲉⲣⲟ	blaze, burn
C7327	ϫⲓⲉⲓⲣⲉ	pod
C7320	ϫⲱⲣ	blacken, be black, make black
C7047	ϫⲁⲓⲉ	desert
C7057	ϫⲏ, ϫⲓⲛϫⲏ	chip of straw, speck of dust
C4649	ϫⲓⲛⲧⲏⲩ, ϫⲟ	burning breath, drought
C7080	ϫⲟ	wind, tempest
C7083	ϫⲟ	armpit
C7084	ϫⲟ, ϫⲟⲉ	wall
C5748	ϣⲏⲃⲉ	rust, verdigris
C7102	ϫⲃⲃⲥ	coal
C7318	ϫⲏⲣ	examiner, spy
C7163	ϫⲗⲗⲉ	grapes of gleaning
C7317	ϫⲱⲣ	examiner, spy
C7320	ϫⲱⲣ	blacken, be black, make black
C2923	ϥⲧⲉⲫⲁⲧ, ϥⲧⲟⲟⲩ	quadruped
C6289	ϥⲧⲟⲟⲩ	four
C6282	ϥⲱⲧⲉ	wipe, wipe off, obliterate
C6284	ϥⲱⲧⲉ	sweat
C6285	ϥⲱⲧⲉ	sweat
C6191	ϣⲁϥⲉ	desert
C6193	ϣⲁϥⲉ	swell
C6194	ϣⲁϥⲉ	swell
C6189	ϣⲱϥ	lay waste, destroy; be desert, laid waste, destroyed
C6190	ϣⲱϥ	devastation, destruction
C6276	ϥⲛⲧ	worm
C6277	ϥⲛⲧ	worm
C6291	ϥⲱϭⲉ	leap, move hastily
C6292	ϥⲱϭⲉ	impetuosity, grasping, greed
C562	ⲃⲱⲧⲉ, ϥⲱⲧⲉ, ϥⲱϭⲉ	pollute, befoul
C6285	ϥⲱⲧⲉ	sweat
C6260	ϥⲓ	bear, carry, take
C6268	ϥⲟ	canal, water conduit
C6269	ϥⲱ	hair
C7579	ϭⲉⲃϭⲓⲃ	fragments, pieces
C7820	ϭⲟⲡ	cutting instrument
C7564	ϭⲃⲓⲉ, ϭⲃⲃⲉ	become weak, tired
C7566	ϭⲃⲃⲉ	become, be feeble, timid
C7570	ϭⲃⲃⲉ	weakness
C7571	ϭⲱⲃ	weak person
C7573	ϭⲱⲃ	weak
C7565	ϭⲃⲟⲓ	arm
C7995	ϭⲓϫ	hand
C7999	ϭⲓϫ	by hand
C7994	ϭϩⲟⲥ	gazelle
C35	ⲁⲗ, ⲕⲟⲩⲣ	deaf
C1286	ⲕⲟⲩⲣ	deaf person
C1287	ⲕⲟⲩⲣ	deaf
C1291	ⲕⲟⲩⲣ	pivot, hinge
C7605	ϭⲁⲗⲉ	lame, crippled person
C7607	ϭⲁⲗⲉ	lame, crippled
C7555	ϭⲱ	remain
C7663	ϭⲗⲟⲙⲗⲙ	be twisted, implicated
C7664	ϭⲗⲟⲙⲗⲙ	complication
C7729	ϭⲁⲓⲙⲉ	hen, domestic fowl
C7750	ϭⲓⲛⲉ	find
C7753	ϭⲓⲛⲉ	find, thing found
C7706	ϭⲟⲙ	power, strength, might, authority
C7707	ϭⲟⲙ	powerful, mighty, strong
C7749	ϭⲟⲟⲛⲉ	valley, gorge, cave
C7765	ϭⲛⲟⲛ	be soft, smooth, weak
C7766	ϭⲛⲟⲛ	softness
C7769	ϭⲛⲟⲛ	bend, bow
C7747	ϭⲟⲛ	valley, gorge, cave
C7767	ϭⲟⲛ	soft
C7768	ϭⲟⲛ	mildness
C7816	ϭⲓⲛϭⲓⲛ	rocket
C7813	ϭⲛϭⲛ	make music, play , sing
C7775	ϭⲟⲛⲥ	might, violence, injustice
C7776	ϭⲟⲛⲥ	violent, forcible
C7550	ϭⲉ	then, therefore, but
C7853	ϭⲣⲉ	birds, fowl
C7649	ϭⲟⲗⲃⲉ	garment
C7870	ϭⲣⲏⲡⲉ	diadem, crown
C7905	ⲕⲣⲕⲏⲟⲩ	foundations, settlements
C7913	ϭⲣⲏϭⲉ	dowry
C7906	ϭⲣⲟϭ	seed
C7908	ϭⲣⲟϭ	sown, fertilized
C7893	ϭⲱⲣϭ	hunt, waylay
C7894	ϭⲱⲣϭ	snare
C7900	ϭⲱⲣϭ	provide, prepare
C7901	ϭⲱⲣϭ	preparation, equipment
C7903	ϭⲱⲣϭ	inhabit, settle, live
C7904	ϭⲱⲣϭ	foundation, habitation
C7898	ϭⲉⲣⲏϭ	hunter
C7896	ϭⲟⲣϭⲥ	ambush, snare, pit
C4817	ⲧϩⲣⲕⲟ, ϩⲣⲟⲕ	make mild, assuage
C6796	ϩⲣⲟⲕ	be still, cease, be quiet
C6797	ϩⲣⲟⲕ	quietness
C7883	ϭⲣⲱϩ	be in want, needy, diminished
C7880	ϭⲱⲣϩ	night
C7881	ϭⲱⲣϩ	nightly
C6798	ϩⲟⲣⲕϥ	silent, quiet
C7862	ϭⲣⲓⲙ	bit, piece, fragment
C7861	ϭⲱⲣⲙ	seize
C7668	ϭⲱⲗⲡ	reveal, uncover, expose, manifest
C7200	ϫⲱⲗϩ, ϭⲱⲱⲗⲉ	swathe, clothe, cover
C7155	ϫⲱⲗ	honeycomb
C7623	ϭⲱⲱⲗⲉ	swathe, clothe, cover
C7624	ϭⲱⲱⲗⲉ	covering, cloak
C7625	ϭⲱⲱⲗⲉ	covered
C7628	ϭⲱⲱⲗⲉ, ϫⲟⲩⲗ	burst, split
C7629	ϭⲱⲱⲗⲉ	flat cake, loaf
C1374	ⲕⲁⲥⲉ, ⲕⲉⲥⲉ, ⲕⲏⲥⲉ	shoemaker
C7925	ϭⲟⲥⲧ	a measure of length
C7917	ϭⲟⲥ	half
C7980	ϭⲏϣⲉ	goose, large duck
C7922	ϭⲟⲥⲙ	darkness
C7982	ϭⲱϣⲧ	look, see, perceive
C7983	ϭⲱϣⲧ	look, glance
C1380	ⲝⲟⲩⲣ, ⲕⲥⲟⲩⲣ, ϭⲥⲟⲩⲣ	finger-ring
C7933	ϭⲱⲧ	drinking trough
C7969	ϭⲟⲟⲩⲛⲉ	sack, sacking
C7970	ϭⲟⲟⲩⲛⲉ	made of sacking, hessian
C4862	ⲧϭⲁⲓⲟ, ϭⲁⲓⲉ	make ugly, disgrace, condemn
C4863	ⲧϭⲁⲓⲟ, ϭⲁⲓⲉ	disgrace, condemnation
C7548	ϭⲁ, ⲧϭⲁⲓⲟ	ugliness
C2721	ⲛⲉϭⲱ, ϭⲁⲓⲉ	be ugly, unseemly, disgraceful
C4864	ϭⲁⲓⲉ, ϭⲁⲓⲉ	ugly one, ugliness, disgrace
C7956	ϭⲱⲟⲩ	be narrow
C7958	ϭⲱⲟⲩ	narrowness
C7549	ϭⲁⲓ	a vessel
C7956	ϭⲱⲟⲩ	be narrow
C7958	ϭⲱⲟⲩ	narrowness
C7959	ϭⲱⲟⲩ	push
C7560	ϭⲱⲱⲃⲉ	leaf
C7689	ϭⲗϩ	shoulder
C1478	ⲕⲁϣ	reed
C1479	ⲕⲁϣ	reed
C1483	ⲕⲁϣ	reed-bed, plantation
C6349	ϩⲁⲓ	husband
C3890	ⲥⲱⲟⲩϩ	be gathered, collected
C3891	ⲥⲱⲟⲩϩ	gathering, assembly
C6386	ϩⲓ	thresh, beat
C6387	ϩⲓ	threshing
C6977	ϩⲓⲟⲩⲉ	strike, cast, lay
C5696	ϣⲁⲓ	new
C5699	ϣⲉ	wood
C5704	ϣⲉ	hundred
C5706	ϣⲉ	small bronze coin
C5707	ϣⲉ, ⲁⲛⲁϣ	by
C5724	ϣⲓⲁⲓ	be long , increase, lengthen
C5725	ϣⲓⲁⲓ	length
C5740	ϣⲱⲓ	genital organs
C5724	ϣⲓⲁⲓ	be long , increase, lengthen
C5725	ϣⲓⲁⲓ	length
C6360	ϩⲉ	manner
C6447	ϩⲃⲃⲉ	plough
C6441	ϩⲃⲁⲓ	shortness
C6439	ϩⲓⲃⲉ	be low, short
C6442	ϩⲓⲃⲱⲓ	ibis
C6315	ϧⲟⲙϧⲉⲙ	be crushed, be broken, be destroyed
C6316	ϧⲟⲙϧⲉⲙ	crushing, fracture, destruction
C6443	ϩⲃⲁ	straits, embarrassment, misfortune
C6435	ϩⲏⲃⲉ	grief, mourning
C6436	ϩⲏⲃⲉ	grief, mourning
C6440	ϩⲃⲃⲉ	low part, place
C5742	ϣⲱⲃ, ϣⲱϥ	shave, crop, shear, clip
C6448	ϩⲱⲃⲕ	prick, incite
C6496	ϩⲱⲃⲕ	sting; encourage
C6451	ϩⲃⲟⲣⲃⲣ	be loosed, fall to pieces
C6453	ϩⲃⲟⲣⲃⲣ	expulsion
C5764	ϣⲃⲏⲣ	friend, comrade
C6462	ϩⲃⲟⲟⲥ	covering, garment
C6463	ϩⲃⲟⲟⲥ	covering, garment
C6464	ϩⲃⲥⲱ	garment
C6459	ϩⲱⲃⲥ	cover, be covered
C6460	ϩⲱⲃⲥ	covering, lid
C6458	ϩⲏⲃⲥ	lamp, candlestick
C6895	ϩⲁⲧⲉ	flow, pour
C6896	ϩⲁⲧⲉ	flow, rush of water
C2711	ⲛⲁϫϩⲉ	tooth
C6864	ϩⲁⲧ	silver, silver coin, money
C6865	ϩⲁⲧ	white
C6952	ϩϯⲧ	beet, onion
C6894	ϩⲱⲧ	to hasten
C6912	ϩⲱⲧⲉ	rub, bruise
C7028	ϩⲱϫ	be in straits
C7029	ϩⲱϫ	straits
C6884	ϩⲏⲧ	north
C7029	ϩⲱϫ	straits
C7031	ϩⲟϫⲉ	a malady
C6956	ϩⲟⲧϩⲧ	inquire, examine
C6957	ϩⲟⲧϩⲧ	inquiry, question
C6927	ϩⲁⲧⲃⲉⲥ	slaughter
C6924	ϩⲱⲧⲃ	kill
C6925	ϩⲱⲧⲃ	slaughter, murder
C6202	ϣⲁϥⲧⲉ	iniquitous, impious
C6199	ϣⲱϥⲧ	stumble, err, commit error
C7010	ϩⲟϥ	serpent
C7011	ϩⲟϥ	serpent
C1107	ⲕⲃⲁ	vengeance
C7027	ϩⲱϩϥ	hand
C7021	ϩⲁϩ	many, much
C7022	ϩⲁϩ	many
C6173	ϣⲱϣ	make equal, level, straight
C6174	ϣⲱϣ	equality, sameness
C6326	ϧⲁϧ	neck
C6422	ϩⲓⲉⲓⲃ	lamb
C6423	ϩⲓⲉⲓⲃ	lamb
C7043	ϩⲁϭⲓⲛ	mint
C6479	ϩⲁⲕⲟ, ⲣⲉϥⲣϩⲓⲕ	magician, wizard
C6471	ϩⲓⲕ	magic
C1748	ⲗϩⲏⲙ, ⲗϩⲙ, ⲉⲗϩⲏⲙ, ⲣϩⲏⲙ	roar
C1749	ⲗϩⲏⲙ, ⲗϩⲙ, ⲉⲗϩⲏⲙ, ⲣϩⲏⲙ	roar
C6660	ϩⲙϩⲙ	roar, neigh
C6661	ϩⲙϩⲙ	roaring, neighing
C6607	ϩⲟⲉⲓⲙ	wave, flood
C6613	ϩⲁⲙⲉ	peg , an implement for marking height of inundation
C6703	ϩⲓⲛⲓⲉ	steering-oar, rudder
C6634	ϩⲙⲙⲉ	guidance; steersman
C6391	ϩⲓⲉ	rudder
C6392	ϩⲓⲉ	rudder
C6606	ϩⲟⲙ	hammer
C6602	ϩⲁⲙ	craftsman
C6606	ϩⲟⲙ	hammer
C6622	ϩⲙⲉ	forty
C6623	ϩⲙⲉ	forty
C6639	ϩⲟⲙⲛⲧ	copper, bronze; money
C5905	ϣⲟⲙⲛⲧ	three
C6664	ϩⲙϫ	vinegar
C6632	ϩⲙⲙⲉ	heat, fever
C6633	ϩⲙⲙⲉ	heat, fever
C5903	ϣⲙⲟⲩⲛ	eight
C5904	ϩⲙⲉⲛⲉ	eighty
C6651	ϩⲙⲁⲓⲥ	buttocks
C4806	ⲑⲙⲥⲟ, ϩⲙⲟⲟⲥ	make to sit, seat
C6649	ϩⲙⲟⲟⲥ	sit, remain, dwell
C6647	ϩⲙⲥ	ear of corn
C6627	ϩⲙⲟⲩ	salt
C6611	ϩⲱⲙ	tread, trample, beat
C6612	ϩⲱⲙ	treading, trampling
C5867	ϣⲏⲙ	small person, thing, quantity
C5869	ϣⲏⲙ	small, few, young, humble
C6701	ϩⲏⲛⲉ	body of cart
C6672	ϩⲓⲛ	vessel, cup; liquid measure
C4810	ⲧⲁϩⲛⲟ	hinder
C4811	ⲧⲁϩⲛⲟ	hindrance
C4807	ⲧϩⲛⲟ, ϩⲱⲛ	make to approach
C6799	ϩⲣⲓⲙ, ϩⲙⲏ	pelican
C3993	ⲥⲁϩⲛⲉ	provide, supply
C3994	ⲥⲁϩⲛⲉ	provision, supply
C6688	ϩⲱⲛ	bid, command
C6689	ϩⲱⲛ	command
C6723	ϩⲛⲁⲩ	vessel, pot, receptacle; thing
C6619	ϩⲟⲙⲉ	cup
C6706	ϩⲱⲛⲉ	canal
C6702	ϩⲓⲛⲉ	move by rowing, row
C6676	ϩⲟⲩⲛ	inward part
C3998	ⲥⲁϩⲛ, ϩⲱⲛ	bring, come near
C6686	ϩⲱⲛ	approach, be nigh, comply with
C6690	ϩⲱⲛ	go aground
C5951	ϣⲟⲛⲧⲉ	plaited work
C5950	ϣⲱⲛⲧ	plait
C6718	ϩⲱⲛⲧ	approach
C6719	ϩⲱⲛⲧ	nearness
C6728	ϩⲛⲱⲱϩⲉ, ϩⲟⲧⲉ	fear
C6714	ϩⲱⲛⲕ	consecrate, appoint
C5391	ⲭⲉⲗⲙⲓ	nipple
C5826	ϣⲱⲗⲙ	smell
C5827	ϣⲱⲗⲙ	sense of smell
C6713	ϩⲟⲛⲃⲉ	spring, well
C5835	ϣⲟⲗⲙⲉⲥ	gnat
C6317	ϧⲉⲛⲓ	quarrel
C1186	ⲕⲟⲗⲡⲥ	theft
C1182	ⲕⲱⲗⲡ	steal, rob
C1183	ⲕⲱⲗⲡ	theft, thing stolen
C6715	ϩⲛⲕⲉ	beer
C5840	ϣⲉⲗⲉⲉⲧ	bride; daughter-in-law
C5815	ϣⲗⲏ	creep
C5805	ϣⲟⲗ	molar tooth, tusk
C5808	ϣⲱⲗ	despoil, spoil
C5810	ϣⲱⲗ	spoil, booty
C5812	ϣⲱⲗ	spoiling
C6585	ϩⲉⲗϩⲓⲗⲉ	death rattle
C6518	ϩⲱⲗ	be hoarse
C6520	ϩⲱⲗ	meaning uncertain
C5961	ϣⲛⲟϣ	stink
C5962	ϣⲛⲟϣ	stink
C133	ⲁⲛⲑⲟⲩⲥ	lizard
C6732	ϩⲁⲡ	judgment, inquest
C6745	ϩⲁⲡⲉ	Apis
C6006	ϣⲡⲏⲣⲉ	wonder, amazement
C6007	ϣⲡⲏⲣⲉ	wonder, amazement
C5995	ϣⲱⲡⲉ	become, befall, be, exist
C5996	ϣⲱⲡⲉ	being
C6319	ϧⲟⲣⲡⲥ	handful
C6011	ϣⲱⲡϣ	arm, foreleg , sholder, gizzard(
C6569	ϩⲗⲡⲉ	navel
C6489	ϩⲏⲕⲉ	poor
C6486	ϩⲕⲟ	be hungry
C6487	ϩⲕⲟ	hunger, famine
C6481	ϩⲏⲕⲉ	a measure of corn
C6965	ϩⲟⲟⲩ	day
C6807	ϩⲣⲣⲉ	cease, be still
C6760	ϩⲱⲣ	squeeze out , milk
C6576	ϩⲁⲗⲏⲧ	flying creature, bird
C6527	ϩⲟⲟⲗⲉ	moth
C6528	ϩⲟⲟⲗⲉ	moth
C4791	ⲑⲗⲟ ⲉⲃⲟⲗ, ϩⲱⲗ	make to fly, drive away, scatter
C6512	ϩⲱⲗ	fly, go, hurry
C6989	ϩⲟⲩⲣⲓⲧ	watcher, guardian
C6525	ϩⲉⲗⲓ, ϩⲣⲧⲉ	fear
C6813	ϩⲣⲧⲉ, ϩⲟⲧⲉ	fear
C731	ϩⲓⲡⲉⲥⲏⲧ, ϩⲓ	on, to the ground
C6768	ϩⲣⲁⲓ	upper part
C6295	ⳉⲟ, ϩⲓⲏ	road, path
C6394	ϩⲓⲏ	road, path
C6548	ϩⲗⲟⲉⲓⲗⲉ, ⲗⲱⲓⲗⲓ	be borne, swim, float
C6534	ϩⲗⲓ, ⲉϩⲗⲓ, ϩⲗⲉⲓ, ϩⲓⲗ, ϩⲓ, ϩⲓⲉ	anyone, anything, something
C6398	ϩⲟ	face
C6785	ϩⲣⲓ	endive
C6787	ϩⲣⲱ	oven, furnace
C6761	ϩⲱⲣ	Horus
C6048	ϣⲣⲱ	cast forth
C6049	ϣⲣⲱ	menstruation
C5802	ϣⲁⲗ	myrrh
C6551	ϩⲗⲗⲟ	old person
C6044	ϩⲣϣⲓⲣⲉ	little, young servant
C5813	ϣⲟⲗⲥ	spoil
C6069	ϣⲟⲣϣⲣ	upset, overturn
C6070	ϣⲟⲣϣⲣ	overthrow, destruction
C6318	ϧⲱⲣ	destroy
C6815	ϩⲣⲟⲟⲩ	voice, sound
C339	ⲃⲁⲓ, ⲃⲉⲓ, ϩⲣⲟⲩⲃⲁⲓ	sky
C6756	ϩⲓⲣ	road, street,quarter
C6757	ϩⲓⲣϩⲓⲣⲉ	route, road
C6321	ϧⲣⲟϯ	child
C6774	ϩⲣⲁⲓ	lower part
C6779	ϩⲣⲉ	food, fodder; need
C6780	ϩⲣⲉ	food, fodder; need
C6065	ϣⲱⲣⲧ	be demented
C6788	ϩⲣⲃ	form, likeness
C6064	ϣⲟⲣⲧ	awning, veil
C6841	ϩⲣⲟϫⲣϫ	grind , rub
C6842	ϩⲣⲟϫⲣϫ	gnashing
C6802	ϩⲱⲣⲡ	sleep, doze
C6803	ϩⲱⲣⲡ	wet, be wet, drenched
C6058	ϣⲟⲣⲡ	first
C6059	ϣⲟⲣⲡ	first
C6055	ϣⲱⲣⲡ	be early
C6056	ϣⲱⲣⲡ	morning
C6808	ϩⲣⲏⲣⲉ	flower
C5825	ϣⲗⲟⲗ	folk, people
C6831	ϩⲣⲏϣⲉ	weight
C6828	ϩⲣⲟϣ	be heavy, slow, difficult
C6829	ϩⲣⲟϣ	weight, burden
C3728	ϣⲱⲣϫ	split
C6846	ϩⲁⲥ	dung
C6851	ϩⲁⲥⲓⲉ	drowned
C6847	ϩⲱⲥ	sing, make music
C6848	ϩⲱⲥ	song, hymn
C6852	ϩⲓⲥⲉ	toil, be troubled, difficult
C6853	ϩⲓⲥⲉ	labour, weariness, suffering
C6858	ϩⲓⲥⲉ	labour
C6862	ϩⲟⲥⲃ	market
C7008	ϩⲱϣϥ	break
C3935	ⲥⲱϣϥ, ⲥⲱϣ	be despised, humbled
C3936	ⲥⲱϣϥ	shame, contempt, scorn
C6863	ϩⲟⲥⲙ	natron
C6850	ϩⲱⲥ	thread, cord
C6131	ϣⲟⲧϣⲧ	cut, carve, hollow
C6132	ϣⲟⲧϣⲧ	thing carved
C6299	ⳉⲓⲧ	threshing-floor
C6381	ϩⲏ	belly, womb
C6383	ϩⲏ	storey of a house
C6932	ϩⲧⲟⲙⲧⲙ	darken, be darkened
C6933	ϩⲧⲟⲙⲧⲙ	darkness, mist
C6115	ϣⲧⲁⲙⲉ	closing
C6114	ϣⲧⲟⲙ	thing shutting or shut, gate
C6113	ϣⲧⲁⲙ	shut
C6112	ϣⲱⲧⲙ	shut, be shut
C6235	ϣϫⲏⲛ	garlic
C6940	ϩⲧⲟⲡ	utensil, measure
C6935	ϩⲱⲧⲡ	join, attune, be reconciled, sink
C6936	ϩⲱⲧⲡ	joint, joining, reconciliation
C6945	ϩⲁⲧⲣⲉ	a doubled thing, twin
C6947	ϩⲁⲧⲣⲉⲥ	yoke, pair
C6946	ϩⲉⲧⲣⲉ	navel
C6918	ϩⲧⲟ	horse
C6948	ϩⲧⲟⲣ	necessity, constraint
C6913	ϩⲱⲧⲉ	tribute
C6120	ϣⲧⲟⲣⲧⲣ	be disturbed, in haste, disturb
C6121	ϣⲧⲟⲣⲧⲣ	disturbance, trouble, haste
C6385	ϩⲏ, ϩⲉ, ϩⲓ, ϩ	season
C7083	ϫⲟ	armpit
C6372	ϩⲏ	fore part, beginning
C6992	ϩⲟⲩⲉⲓⲧ	first
C6993	ϩⲟⲩⲉⲓⲧ	beginning, first
C6891	ϩⲱⲧ	sail
C587	ⲃⲁϣⲁϩⲏⲩ, ⲁϩⲏⲩ	naked
C48	ⲁⲗⲟⲩ, ⲁⲗⲁⲩ, ⲁⲗⲱⲟⲩⲓ, ⲁⲗⲁⲩⲓ, ϣⲏⲣⲉ ϣⲏⲙ	youth, maiden
C49	ⲁⲗⲟⲩ, ⲁⲗⲁⲩ, ⲁⲗⲱⲟⲩⲓ, ⲁⲗⲁⲩⲓ, ϣⲏⲣⲉ ϣⲏⲙ	youth, maiden
C6982	ϩⲟⲩⲟ	greater part, greatness
C6983	ϩⲟⲩⲟ	great, much, greater, more
C6419	ϩⲱ	house; sepulchre
C5726	ϣⲓⲏ	length, height
C5727	ϣⲓⲏ	length, height
C5728	ϣⲓⲏ	be long, grow
C5738	ϣⲱⲓ	what is high, above
C6148	ϣⲏⲩⲉ	altar
C5730	ϣⲓⲱ	pot, funnel
C5731	ϣⲟ	thousand
C6295	ⳉⲟ, ϩⲓⲏ	road, path
C6868	ϩⲁⲉⲓⲧ	gateway, porch, forecourt
C7024	ϩⲱϩ	scrape, scratch, itch
C7025	ϩⲱϩ	scratching, itching
C6384	ϩⲏ	quarry
C4782	ⲑⲃⲃⲓⲟ, ϩⲓⲃⲉ	humiliate
C4783	ⲑⲃⲃⲓⲟ	humility
C6424	ϩⲱⲃ	send
C6425	ϩⲱⲃ	message, dispatch, mission
C6426	ϩⲱⲃ	thing, work, matter, event
C6536	ϩⲁⲗⲓⲃ	casting-net
C6888	ϩⲓⲉⲓⲧ	pit
C6301	ⳉⲁⲧⲉ	pluck out
C6599	ϩⲗⲱϭϥ	be pleasant
C6597	ϩⲗⲏϭⲉ	sweetness
C6591	ϩⲗⲟϭ	be sweet, take delight
C6592	ϩⲗⲟϭ	sweetness
C6620	ϩⲱⲱⲙⲉ	be thin, lean
C6743	ϩⲏⲡⲓ	crypt
C6740	ϩⲱⲡ	be hidden, hide
C6741	ϩⲱⲡ	secret, seclusion
C3918	ⲥⲱϣⲉ	drag, creep
C3919	ⲥⲱϣⲉ	trail
C6887	ϩⲏⲧ	tip, edge
C6890	ϩⲱⲧ	sack, bag
C5777	ϣⲁⲑⲱⲗ	ichneumon
C6951	ϩⲟⲧⲥ	vessel or measure
C6961	ϩⲏⲩ	profit, usefulness
C1062	ⲕⲱ	loosening, slackness
C6338	ϩⲁⲉ	last thing, end
C6339	ϩⲁⲉ	last thing, end
C6340	ϩⲁⲉ	last
C6532	ϩⲱⲱⲗⲉ	pluck
C6336	ϩⲁ	winnowing fan
C5679	ϣⲁ	rise
C5680	ϣⲁ	rising
C5398	ⲭⲣⲟⲃⲓ	sickle
C5399	ⲭⲣⲟⲃⲓ	sickle
C2753	ⲟⲉⲓⲙⲉ	hook
C6469	ϩⲁⲕ	cobbling tailor
C6015	ϣⲁⲁⲣ	skin, leather; parchment
C1006	ⲉⲓⲟⲩⲉ	waters
C883	ⲉⲓⲃⲉ	thirst
C884	ⲉⲓⲃⲉ	thirst
C2739	ⲟⲃϩⲉ	tooth
C999	ⲉⲓⲱⲧⲉ	dew
C266	ⲁϥ, ⲁⲁϥ, ⲁⲃ, ⲉϥ, ⲁϥⲟⲩⲓ, ⲁⲃⲟⲩⲓ, ⲁⲫⲟⲩⲓ, ⲉϥⲟⲩⲓ	flesh
C7827	ϭⲏⲡⲉ	cloud
C771	ⲉϩⲉ	ox, cow
C772	ⲉϩⲉ	ox, cow
C295	ⲁϩⲟⲙ, ⲉϩⲁⲙ, ⲁϩⲁⲙ, ⲉϩⲟⲙ, ⲱϣ	sigh, groan
C5623	ⲁϣⲙⲓ	soot
C6315	ϧⲟⲙϧⲉⲙ	be crushed, be broken, be destroyed
C6316	ϧⲟⲙϧⲉⲙ	crushing, fracture, destruction
C5887	ϣⲱⲱⲙⲉ	cliff, precipice
C5867	ϣⲏⲙ	small person, thing, quantity
C5869	ϣⲏⲙ	small, few, young, humble
C6618	ϩⲓⲱⲙⲉ	palm, hollow of hand
C84	ⲁⲙⲟⲩ, ⲉⲙⲟⲩ, ⲁⲙⲏ, ⲁⲙⲉⲓ, ⲁⲙⲱⲓⲛⲉ, ⲁⲙⲏⲓⲛ, ⲁⲙⲏⲉⲓⲧⲛ, ⲁⲙⲏⲓⲛⲉ, ⲁⲙⲏⲧⲛ, ⲁⲙⲱⲓⲛⲓ, ⲁⲙⲟⲓⲛⲓ, ⲁⲙⲱⲛⲓ, ⲁⲙⲱⲧⲛ, ⲁⲙⲱⲓⲧⲛ, ⲉⲓ	come!
C825	ⲉⲓ	come, go
C827	ⲉⲓ	coming, advent
C32	ⲁⲕⲱⲛⲉ, ⲉⲕⲱⲛⲉ, ⲉϭⲱⲛⲉ	a vessel
C312	ⲁϭⲟⲛ, ⲁϭⲁⲛ	stand for a jar
C84	ⲁⲙⲟⲩ, ⲉⲙⲟⲩ, ⲁⲙⲏ, ⲁⲙⲉⲓ, ⲁⲙⲱⲓⲛⲉ, ⲁⲙⲏⲓⲛ, ⲁⲙⲏⲉⲓⲧⲛ, ⲁⲙⲏⲓⲛⲉ, ⲁⲙⲏⲧⲛ, ⲁⲙⲱⲓⲛⲓ, ⲁⲙⲟⲓⲛⲓ, ⲁⲙⲱⲛⲓ, ⲁⲙⲱⲧⲛ, ⲁⲙⲱⲓⲧⲛ, ⲉⲓ	come!
C1808	ⲙⲟ, ⲙⲱ, ⲙⲙⲟ	take!
C2155	ⲙⲁⲩ, ⲙⲱ	the place there
C2156	ⲙⲙⲁⲩ	there, therein
C110	ⲁⲙⲁϩⲧⲉ, ⲁⲙⲁϩⲉ, ⲉⲙⲁϩⲧⲉ, ⲙⲁϩⲉ, ⲁⲙⲉϩⲧⲉ, ⲁⲙⲁϩⲓ, ⲙⲉϩⲓ, ⲁⲙⲟⲛⲓ	prevail, rule, be in possession, valid, lay hold on
C102	ⲁⲙⲛⲧⲉ, ⲁⲙⲉⲛϯ, ⲉⲙⲛⲧⲉ	"netherworld, ""hades"", hell"
C669	ⲉⲙⲛⲧ, ⲉⲙⲛⲧⲉ, ⲉⲓⲙⲛⲧ, ⲉⲙⲉⲛⲧ, ⲁⲙⲛⲧⲉ	west
C670	ⲉⲙⲛⲧ, ⲉⲙⲛⲧⲉ, ⲉⲓⲙⲛⲧ, ⲉⲙⲉⲛⲧ	western
C100	ⲁⲙⲟⲩⲛ	the god Amun
C673	ⲉⲙⲓⲥⲉ, ⲁⲙⲓⲥⲓ	dill
C676	ⲉⲙⲉϣϭⲉ, ⲕⲟⲩⲗⲁϫⲓ	Nile fish
C153	ⲁⲛⲁⲩ, ⲁⲛⲉⲩ, ⲉⲛⲉⲩ, ⲉⲛⲁⲩ, ⲉⲛⲟ, ⲛⲁⲩ	look!
C244	ⲁⲟⲩⲓⲛ	jaundice
C241	ⲁⲩⲁⲛ, ⲁⲩⲁⲁⲛ, ⲁⲩⲉⲓⲛ, ⲁⲩⲟⲛ, ⲉⲩⲁⲛ, ⲁⲟⲩⲁⲛ, ⲁⲃⲁⲛ, ⲁⲟⲩⲏⲛ, ⲉⲟⲩⲉⲛ	colour
C141	ⲁⲛⲓⲛⲉ, ⲁⲛⲓⲟⲩⲓ, ⲁⲛⲓⲛⲓ, ⲁⲛⲁⲓ, ⲉⲛⲁⲓ, ⲁⲛⲓ, ⲉⲛⲓ, ⲁⲛⲉⲛⲧ, ⲉⲓⲛⲉ	bring!
C905	ⲉⲓⲛⲉ	bring, bear
C4363	ⲧⲛⲛⲟⲟⲩ	send
C931	ⲉⲓⲛⲉ	chain, fetter
C241	ⲁⲩⲁⲛ, ⲁⲩⲁⲁⲛ, ⲁⲩⲉⲓⲛ, ⲁⲩⲟⲛ, ⲉⲩⲁⲛ, ⲁⲟⲩⲁⲛ, ⲁⲃⲁⲛ, ⲁⲟⲩⲏⲛ, ⲉⲟⲩⲉⲛ	colour
C929	ⲉⲓⲛⲉ	likeness, aspect
C2738	ⲟⲃⲛ	alum
C5544	ⲣⲃⲉ	enclosure, pen
C1974	ⲙⲡⲟ, ⲉⲙⲡⲟ, ⲉⲃⲱ	dumb person
C1975	ⲏⲙⲡⲱ	dumb person
C162	ⲁⲛⲁϩ	border
C682	ⲉⲛϩ, ⲛϩ, ⲛⲟϩ	eyebrow
C161	ⲁⲛϩ, ⲟⲛϩ	yard, court
C135	ⲁⲛⲟⲕ, ⲁⲛⲁⲕ, ⲁⲛⲅ, ⲁⲛⲕ	I
C138	ⲁⲛⲟⲙ	skin
C250	ⲁϣ, ⲉϣ, ⲉⳉ, ⲁⳉ, ⲉⲥ, ⳉⲉ, ⲛⲓⲙ	who?, what?
C2473	ⲛⲓⲙ	who?
C142	ⲁⲛⲟⲛ, ⲁⲛⲁⲛ, ⲁⲛ	we
C1629	ⲗⲏⲗ	necklace
C680	ⲉⲛⲟⲩⲛⲅ, ⲉⲛⲅ, ⲉⲛⲟⲩⲕ	a plant: fleabane
C145	ⲁⲛⲟⲩⲡ	the god Anubis
C136	ⲁⲛⲕⲟⲕⲓ, ⲉⲛⲕⲟⲕⲓ	third finger
C5501	ⲱⲛⲕ	leap
C5495	ⲱⲛⲉ	stone
C5496	ⲱⲛⲉ	stone
C942	ⲉⲓⲟⲡⲉ	a measure
C2756	ⲟⲉⲓⲡⲉ, ⲣⲧⲟⲃ	ephah, a mesure of grain, one sixth of the artaba
C5513	ⲱⲡ	count, esteem
C5514	ⲱⲡ	reckoning
C178	ⲁⲡⲥ, ⲏⲡⲥ, ⲉⲡⲥ, ⲱⲡ	number
C5533	ⲟⲡⲥ	reckoning
C179	ⲁⲡⲟⲧ, ⲁⲫⲟⲧ, ⲁⲡⲁⲧ, ⲉⲡⲁⲧ, ⲁⲡⲏⲧ, ⲁⲫⲏⲧ	cup, chalice
C943	ⲉⲓⲡⲛ	this
C174	ⲁⲡⲉⲓ	a purple dye-stuff
C5441	ⲱⲕⲙ	be dark, be gloomy, worsen
C5442	ⲱⲕⲙ	gloom, sadness
C714	ⲉⲣⲏⲩ, ⲏⲣ	fellow, companion
C715	ⲉⲣⲏⲩ, ⲏⲣ	fellow, companion
C793	ⲏⲣ, ⲉⲣⲏⲩ	friend, companion
C195	ⲁⲣⲓⲣⲉ, ⲁⲣⲓⲟⲩⲓ, ⲁⲣⲓ, ⲁⲗⲓ, ⲁⲗⲉ, ⲁⲗⲉⲏ, ⲉⲣⲓ, ⲉⲣ, ⲁⲣⲓⲧ, ⲁⲗⲓⲧ, ⲉⲓⲣⲉ	do!
C951	ⲉⲓⲣⲉ	act; become, befall; do
C960	ⲉⲓⲣⲉ	doing
C699	ⲉⲣⲓ	bread
C743	ⲉⲧⲣⲉ, ⲧⲣⲟ	veranlassen, bewirken
C4438	ⲧⲣⲟ, ⲉⲓⲣⲉ	cause to do
C855	ⲉⲓⲁ	eye and its sight
C794	ⲏⲣⲡ	wine
C795	ⲏⲣⲡ	wine
C892	ⲉⲓⲉⲗⲉⲗ	shine, glitter
C893	ⲉⲓⲉⲗⲉⲗ	brightness
C708	ⲉⲣⲱⲧⲉ	milk
C709	ⲉⲣⲱⲧⲉ	milk
C216	ⲁⲥⲁⲓ, ⲁⲥⲓⲁⲓ, ⲉⲥⲓⲉⲉⲓ, ⲁⲥⲓⲉ, ⲉⲥⲓⲉ, ⲁⲥⲉⲓⲧⲉ, ⲉⲥⲉⲓⲧⲉ, ⲁⲥⲱⲟⲩ, ⲁⲥⲓⲱⲟⲩ, ⲉⲥⲓⲱⲟⲩ, ⲉⲥⲱⲟⲩ, ⲁⲥⲏⲟⲩⲧ, ⲧⲁⲥⲟ	be light, relieved
C217	ⲁⲥⲁⲓ, ⲁⲥⲓⲁⲓ	lightness, alleviation
C213	ⲁⲥⲟⲩ, ⲉⲥⲟⲩ, ϣⲉⲃⲓⲱ	price, value
C978	ⲉⲓⲥ	behold, lo, here is
C979	ⲉⲓⲥ	since, ago
C984	ⲉⲓⲥⲧⲉ	behold, lo, here is for ⲉⲓⲥ ϩⲏⲏⲧⲉ
C5567	ⲁⲥⲕⲉ	delay
C5565	ⲱⲥⲕ	delay, continue, be prolonged
C5566	ⲱⲥⲕ	duration, delay
C998	ⲉⲓⲱⲧ	barley
C992	ⲉⲓⲱⲧ	father
C993	ⲉⲓⲱⲧ	father
C5585	ⲁⲧϩⲉ	woven garment?
C5586	ⲟⲩⲁⲧϩⲉ	warp
C4613	ⲧⲁⲧϩⲟ, ⲱⲧϩ	impede, restrain
C4614	ⲧⲁⲧϩⲟ	restraint
C5583	ⲱⲧϩ	tie, sew, weave
C5584	ⲱⲧϩ	fastened thing or place, lock
C5587	ⲁⲧϩⲥ	tissue, material
C1001	ⲉⲓⲧⲛ	ground, earth, dust, rubbish
C233	ⲁⲧ, ⲁⲧⲉ, ⲁⲑ, ⲁⲓⲧ	without
C247	ⲁⲩⲏⲧ, ⲁⲟⲩⲃⲏⲧ, ⲁⲃⲏⲧ	collection, company of persons
C5175	ⲟⲩⲧⲉ	between, among
C5494	ⲱⲛ	Heliopolis
C364	ⲙⲃⲟⲕⲓ, ⲱⲱ	conceive
C5420	ⲱⲱ	conceive
C5421	ⲱⲱ	conception
C5109	ⲟⲩⲣⲱ	bean
C890	ⲉⲓⲟⲩⲗ	hart, hind
C891	ⲉⲓⲟⲩⲗ	hart, hind
C2745	ⲟⲉⲓⲗⲉ	ram
C2758	ⲟⲥⲉ	loss, damage, fine
C749	ⲉⲟⲟⲩ	honour, glory
C887	ⲉⲓⲉⲃⲧ	the east
C888	ⲉⲓⲉⲃⲧ	eastern
C886	ⲉⲓⲁⲃⲉ	pus
C235	ⲁⲧⲉ	net
C298	ⲁϩⲣ, ⲁϩⲣⲉ, ⲁϧⲓ, ⲁⲭⲓ	marsh herbage, sedge
C801	ⲏϭⲉ	leek
C651	ⲉⲗⲟⲟⲗⲉ	grape
C5149	ⲟⲩⲥ	bald person
C871	ⲉⲓⲱ	wash
C5629	ⲱϥⲉ	press
C5630	ⲱϥⲉ	pressure
C2777	ⲟⲟϩ	moon
C792	ⲏⲛ	ape
C37	ⲁⲗⲉ, ⲁⲗⲏⲓ, ⲁⲗⲏ, ⲁⲗⲟ, ⲁⲗⲓ, ⲁⲗⲏⲩ, ⲱⲗ	mount, go up
C1037	ⲕⲉ	another
C1038	ⲕⲉ	another
C1039	ⲕⲉ	other . . ., different, any other
C1042	ⲕⲉ	also, even
C7803	ϭⲓⲛⲟⲩⲏⲗ	a kind of ship
C1492	ⲕⲁϥ	trunk
C1105	ⲕⲃⲁ	compulsion, forced labour
C1107	ⲕⲃⲁ	vengeance
C1104	ⲕⲱⲱⲃⲉ, ⲕⲱⲱϥⲉ	compel, seize by force
C1512	ⲕⲟⲓϩⲉ	rival
C1507	ⲕⲱϩ	be envious, zealous, emulate
C1509	ⲕⲱϩ	envy, zeal
C1129	ⲕⲁⲕⲉ	darkness
C1227	ⲕⲁⲙⲉ, ⲕⲁⲙⲏ, ⲕⲙⲙⲉ, ⲕⲁⲙ	black
C1228	ⲕⲁⲙⲉ, ⲕⲁⲙⲏ, ⲕⲙⲙⲉ, ⲕⲁⲙ	black
C1229	ⲕⲁⲙⲉ, ⲕⲁⲙⲏ, ⲕⲙⲙⲉ, ⲕⲁⲙ	black
C1232	ⲕⲏⲙⲉ	the black , Egypt
C1231	ⲕⲙⲉ	darkness
C1236	ⲕⲙⲏⲙⲉ	darkness
C1225	ⲕⲙⲟⲙ	be, become black
C1226	ⲕⲙⲟⲙ	blackness
C3431	ⲥⲕⲓⲙ	discoloured, grey hair
C3432	ⲥⲕⲓⲙ	grey-haired
C3435	ⲥⲕⲙⲕⲓⲙ	spotted
C86	ⲁⲙⲁⲗⲏϫ, ⲙⲟⲩⲗϫ	embrace
C1179	ⲕⲗⲙⲉ	pad, poultice
C1173	ⲕⲗⲟⲙ	crown, wreath
C1887	ⲙⲟⲩⲗϫ, ⲙⲟⲗϫ	enwrap, embrace
C1888	ⲙⲟⲩⲗϫ	embrace
C7763	ϭⲓⲛⲙⲟⲩⲧ	Pleiades
C7774	ϭⲓⲛⲏⲣⲁ	lyre, harp
C4669	ϭⲟⲡ ⲛⲧⲟⲟⲩⲉ, ϭⲟⲡ	sole
C7819	ϭⲟⲡ	sole of foot, foot
C7817	ϭⲓⲛϭⲱⲣ	talent
C7877	ϭⲟⲣⲧⲉ	knife, sword
C1336	ⲕⲱⲣϥ	bring to naught, cancel, destroy
C1337	ⲕⲱⲣϥ	ceasing, idleness
C1162	ⲕⲉⲗⲱⲗ, ⲕⲟⲩⲗⲱⲗ	pitcher, jar
C7924	ϭⲁⲥⲧ, ϭⲟⲥϭⲥ	dance
C7926	ϭⲟⲥϭⲥ	dance
C7927	ϭⲟⲥϭⲥ	dance
C8029	ϭⲟϫϭϫ	cut
C8030	ϭⲟϫϭϫ	cutting, slaughter
C7946	ϭⲟⲧⲡⲥ	defeat
C7945	ϭⲧⲟⲡ	defeat
C7936	ϭⲱⲧⲡ	defeat, overcome
C7942	ϭⲱⲧⲡ	intimidation, discouragement
C1149	ⲕⲉⲗⲕⲁ	lump, pustule
C1047	ⲕⲟ	bull
C7725	ϭⲙⲉ	gardener, vine dresser, wine grower
C7726	ϭⲙⲉ	tilled, cultivated
C7724	ϭⲱⲙ	garden
C1282	ⲕⲏⲡⲉ	vaulted place, cellar, canopy
C1276	ⲕⲱⲡ	hide, be hidden
C1277	ⲕⲱⲡ	hiding, concealment
C7839	ϭⲟⲡⲥ	capture
C4132	ϭⲉⲡⲧⲃⲧ, ϭⲱⲡⲉ	catch fish
C7830	ϭⲱⲡⲉ	seize, take
C7835	ϭⲱⲡⲉ	taking, catching
C1092	ⲕⲱ	statue, naos
C778	ⲉϭⲟϣⲉ, ⲉϭⲟⲟϣⲉ, ⲉⲑⲟϣⲓ	an Ethiopian, Nubian woman
C5410	ⲭⲟⲩⲥ	Kush
C777	ⲉϭⲱϣ, ⲉⲑⲱϣ	an Ethiopian, a Nubian
C1561	ⲗⲁⲃⲟⲓ, ⲗⲁⲃⲁⲓ	lioness
C3128	ⲣⲏⲛⲉ	youth, prime
C1961	ⲙⲛⲧ	pref. to nn. or adj. forming abstracts
C2101	ⲙⲟⲩⲧⲉ	speak, call
C2102	ⲙⲟⲩⲧⲉ	call, incantation
C2117	ⲙⲧⲱ, ⲉⲙⲧⲱ, ⲙⲧⲟ	depth
C2118	ⲙⲧⲱ, ⲉⲙⲧⲱ, ⲙⲧⲟ	depth
C2282	ⲙⲁϩ, ⲙⲁⲁϩ, ⲙⲁⲁϩⲓ	nest, brood
C2283	ⲙⲁϩⲟⲩⲁⲗ	nest, dovecot
C2305	ⲙⲏϩⲉ, ⲙⲉϩⲉ	feather
C2301	ⲙⲁϩⲉ	ell, cubit
C2285	ⲙⲟⲩϩ	fill
C2294	ⲙⲟⲩϩ	fullness, contents
C2284	ⲙⲟⲉⲓϩ, ⲙⲟⲓⲁϩ	measure for fodder
C2323	ⲙϩⲓⲧ	north
C2310	ⲙϩⲏ	breath
C2312	ⲙⲉϩⲙⲟⲩϩⲉ	purslane
C537	ⲃⲣϭⲟⲟⲩⲧ, ⲃⲉⲣⲉϭⲱⲟⲩⲧ, ⲃⲉⲣⲉϭⲱⲟⲩⲧⲥ	chariot
C2316	ⲙⲁϩⲧ	bowles, intestins, umbilical cord
C2326	ⲙϩⲁⲟⲩⲉ	family
C2302	ⲙⲁϩⲉ	flax
C667	ⲉⲙⲟⲩ, ⲁⲙⲟⲩ, ⲙⲟⲩⲧ	cat
C1838	ⲙⲓⲕⲉ, ⲙⲓⲕⲓ	rest
C1839	ⲙⲓⲕⲉ, ⲙⲓⲕⲓ	rest
C1842	ⲙⲟⲕⲙⲉⲕ, ⲙⲁⲕⲙⲉⲕ	think, ponder
C1840	ⲙⲟⲕⲓ	jar, vessel, quiver
C1852	ⲙⲁⲕϩ, ⲙⲁⲭ, ⲙⲟⲕϩ	neck
C2175	ⲙⲟⲩⲙⲉ	spring, fountain
C466	ⲃⲏⲛⲉ	swallow
C467	ⲃⲏⲛⲉ	swallow
C469	ⲃⲓⲛⲓ	crucible
C1904	ⲙⲁⲉⲓⲛ	sign, mark
C1922	ⲙⲓⲛⲉ	sort, quality, manner
C1921	ⲙⲏⲛⲉ	daily, every day
C1964	ⲙⲛⲟⲩⲧ	porter, doorkeeper
C1965	ⲙⲛⲟⲩⲧ	porter, doorkeeper
C1913	ⲙⲟⲩⲛ, ⲙⲟⲩⲛⲉ	remain, continue
C1916	ⲙⲟⲩⲛ	perseverance, continuance
C2502	ⲛⲟⲩⲛⲉ	root
C3537	ⲥⲙⲓⲛⲉ, ⲙⲟⲩⲛ	be established, set right, in order
C3539	ⲥⲙⲓⲛⲉ	confirmation, agreement, putting together, adornment, repose,       tranquillity
C1966	ⲙⲛⲟⲟⲧⲉ	porteress
C641	ⲉⲕⲓⲃⲉ, ⲕⲓⲃⲉ, ⲙⲛⲟⲧ	breast, nipple
C1962	ⲙⲛⲟⲧ	breast
C1892	ⲙⲙⲟⲛ	no
C1897	ⲙⲙⲟⲛ	really, for
C1941	ⲙⲛⲏ	there, thither
C1956	ⲙⲟⲛⲙⲉⲛ	shake, be shaken
C1957	ⲙⲟⲛⲙⲉⲛ	shaking, earthquake, tempest
C465	ⲙⲁⲛⲉⲃⲁⲁⲙⲡⲉ, ⲙⲁⲛⲉ	goatherd
C1929	ⲙⲁⲛⲉ	herdsman, pastor
C1930	ⲙⲁⲛⲏⲩ	herdsman
C1925	ⲙⲟⲟⲛⲉ	pasture, feed
C1882	ⲙⲟⲩⲗϩ, ⲙⲟⲩⲗⲁϩ, ⲙⲟⲩⲣϩ	wax
C1883	ⲙⲟⲩⲗϩ	be hooked into, twisted into, attached to
C1959	ⲙⲁⲛⲓⲛ, ⲙⲁⲗⲗⲓⲛ, ⲙⲁⲗⲓⲗ	band, cord
C1870	ⲙⲓⲟⲗⲱⲛ, ⲙⲓⲟⲗⲟⲛ, ⲙⲏⲟⲗⲟⲛ	bitumen
C1950	ⲙⲟⲩⲛⲕ	cease, be lacking, perish
C1951	ⲙⲟⲩⲛⲕ	ceasing, absence, destruction
C1934	ⲙⲟⲟⲛⲉ	nurse
C1866	ⲙⲟⲕϩⲥ, ⲙⲟⲭⲥ, ⲙⲁⲕϩⲥ	pain, grief
C1857	ⲙⲕⲁϩ	be painful, difficult, be grieved
C1858	ⲙⲕⲁϩ	pain, difficulty, grief
C1856	ⲙⲟⲩⲕϩ	afflict, oppress
C672	ⲉⲙⲏⲣⲉ, ⲁⲙⲏⲓⲣⲓ	innundation, high water
C2015	ⲙⲟⲣⲧ, ⲙⲁⲣⲧ	beard
C1785	ⲙⲉ, ⲙⲉⲓ	love
C1786	ⲙⲉ	love
C1990	ⲙⲏⲣ	shore , opposite shore
C1999	ⲙⲁⲣ, ⲙⲁⲁⲣ, ⲙⲏⲣ, ⲙⲉⲣ	bundle
C2000	ⲙⲁⲓⲣⲉ, ⲙⲏⲣⲉ, ⲙⲉⲣⲉ	bundle
C2003	ⲙⲟⲣⲥ	binding, restriction
C1991	ⲙⲟⲩⲣ	bind, gird, tie
C1992	ⲙⲟⲩⲣ	band, girth, strap
C2002	ⲙⲣⲣⲉ	chain, bond, joint
C2008	ⲙⲣⲱ, ⲉⲙⲡⲣⲱ	habour, landing stage
C106	ⲁⲙⲣⲏϩⲉ, ⲁⲙⲣⲉϩⲉ, ⲁⲙⲣⲉϩⲓ, ⲙⲣⲉϩⲓ, ⲃⲣⲉϩⲓ, ⲉⲣⲡⲣⲉϩⲓ	bitumen, asphalt
C2025	ⲙⲉⲣⲉϩ, ⲙⲉⲣϩ, ⲙⲉⲣⲏϩ	spear, javelin
C2043	ⲙⲉⲥⲓⲉ, ⲉⲙⲉⲥⲓ	whom . . . bore
C2037	ⲙⲁⲥ, ⲙⲉⲥ	bearing, producing
C2045	ⲙⲁⲥ	young , child
C2046	ⲙⲁⲥⲉ, ⲙⲉⲥⲉ	young animal, esp. calf, bull
C2053	ⲙⲉⲥⲓⲱ, ⲙⲉⲥⲓⲟ	midwife, nurse
C2049	ⲙⲉⲥⲓⲱϯ, ⲙⲏⲥⲓⲱϯ	womb
C2044	ⲙⲏⲥⲉ	one with child
C2035	ⲙⲓⲥⲉ	bear, bring forth
C2052	ⲙⲉⲥⲓⲟ, ⲧⲙⲁⲥⲓⲟ	bring to birth, act midwife
C2047	ⲙⲏⲥⲉ, ⲙⲏⲏⲥⲉ	offspring , usury, interest
C2060	ⲙⲉⲥⲧⲉ, ⲙⲉⲥⲧⲏ	hated person
C2062	ⲙⲉⲥⲧⲉ, ⲙⲉⲥⲧⲏ	hated
C2061	ⲙⲉⲥⲧⲏ	hated person
C2057	ⲙⲟⲥⲧⲉ	hate
C2058	ⲙⲟⲥⲧⲉ	hatred, object of hatred
C2270	ⲙⲏϣⲧⲉ	ford, ferry
C2262	ⲙⲟⲩϣⲧ	examine, search out, visit
C2264	ⲙⲟⲩϣⲧ	consideration, opinion
C2272	ⲙϣⲧⲱⲧⲉ, ⲙⲓϣⲧⲱⲧⲉ	comb
C763	ⲉⲫⲱⲧ, ⲁⲫⲱⲧ, ⲙⲥⲁϩ	crocodile
C2067	ⲙⲥⲁϩ	crocodile
C2203	ⲙⲏⲏϣⲉ	multitude , crowd, troop
C2219	ⲙⲟⲟϣⲉ, ⲙⲟϣⲉ, ⲙⲱϣⲉ	walk, go
C2221	ⲙⲟⲟϣⲉ	going, pace, journey
C2084	ⲙⲁⲧⲉ, ⲙⲁⲁⲧⲉ, ⲙⲉⲧⲉ	reach, obtain, enjoy
C2086	ⲙⲁⲧⲉ	attainment, success
C2150	ⲙⲁⲧⲟⲩ, ⲙⲁⲧⲟⲩⲉ, ⲙⲁⲧⲉ	poison
C2082	ⲙⲟⲩⲧ	sinew, nerve, joint
C2083	ⲙⲟⲧⲉ	neck, shoulders, sinew
C1800	ⲙⲏⲧ	true, real
C2006	ⲙⲉⲉⲣⲉ	midday, day
C1967	ⲙⲛⲧⲣⲉ	witness, testimony
C2116	ⲙⲧⲟ	face, presence
C3614	ⲥⲱⲛⲧ	look
C1801	ⲙⲏ, ⲙⲓ, ⲙⲏ ⲙⲙⲟⲟⲩ, ⲙⲓ ⲙⲙⲟⲟⲩ	urine
C2165	ⲙⲟⲟⲩ	water
C2160	ⲙⲁⲁⲩ	mother
C2161	ⲙⲁⲁⲩ	mother
C2191	ⲙⲁⲟⲩⲥⲉ, ⲙⲁⲟⲩⲥⲓ	an internal organ, liver
C2178	ⲙⲉⲉⲩⲉ, ⲙⲉⲩⲉ, ⲙⲉⲉⲩ	think
C2181	ⲙⲉⲉⲩⲉ	thought, mind
C1822	ⲙⲟⲩⲉ, ⲙⲟⲩⲉⲓ, ⲙⲟⲩ, ⲙⲟⲩⲓ	island
C1823	ⲙⲟⲩⲉ, ⲙⲟⲩⲉⲓ, ⲙⲟⲩ, ⲙⲟⲩⲓ	island
C1824	ⲙⲟⲩⲓ, ⲙⲟⲩⲟⲩⲓ	new
C1825	ⲙⲟⲩⲓ, ⲙⲟⲩⲉⲓ	lion, lioness
C1826	ⲙⲟⲩⲓ, ⲙⲟⲩⲉⲓ	lion, lioness
C1827	ⲙⲟⲩⲓⲏ, ⲙⲓⲏ, ⲙⲩⲏ, ⲙⲓⲉ	lioness
C1819	ⲙⲟⲩⲉ, ⲙⲱⲟⲩⲓ	light, brightness
C2297	ⲙⲟⲩϩ	burn, glow
C2298	ⲙⲟⲩϩ	burning, inflammation
C4332	ⲧⲙϩⲟ	set on fire, kindle
C4333	ⲧⲙϩⲟ	burning, heat
C1841	ⲙⲟⲩⲕⲓ	ladder
C2071	ⲙⲓⲧ	parsley, celery
C1789	ⲙⲉ, ⲙⲉⲉ, ⲙⲏⲉ	truth, justice, true person
C1790	ⲙⲉ, ⲙⲉⲉ, ⲙⲏⲉ	truthful, righteous
C1800	ⲙⲏⲧ	true, real
C1771	ⲙⲁ	place
C617	ⲉ, ⲉⲧ	Relativkonverter
C737	ⲉⲧ, ⲉⲧⲉ, ⲉⲑ, ⲉⲧⲉⲣⲉ, ⲉⲧⲉⲗⲉ, ⲉ	Relativkonverter
C681	ⲉⲛⲧ, ⲛⲧ, ⲉ	relative converter of Perf. I
C2570	ⲛⲟⲩⲧϥ	loosen, dissolve, settle, make terms for
C2571	ⲛⲟⲩⲧϥ	relaxation
C2638	ⲛⲟⲩϥⲧ	swell, be distended
C2072	ⲙⲟⲉⲓⲧ	road, path
C2429	ⲛⲏⲏⲃⲉ	swim, float
C2417	ⲛⲏⲃ	lord, master, owner
C2418	ⲛⲏⲃ	mistress
C2475	ⲛⲓⲙ	every
C2432	ⲛⲟⲃⲉ	sin
C2443	ⲛⲏⲃⲧⲉ	plait, tress
C2442	ⲛⲟⲩⲃⲧ	weave
C2441	ⲛⲟⲩⲃⲥ	Christ's thorn tree
C1971	ⲙⲡⲁⲓ	spindle
C2522	ⲛⲁⲧ	loom
C2527	ⲛⲟⲉⲓⲧ	meal, flour
C2523	ⲛⲟⲩⲧ	grind, pound
C2524	ⲛⲟⲩⲧ	grinding, mill
C2529	ⲛⲟⲩⲧ	gathering of waters, pool
C1644	ⲛⲉϫⲗⲟⲩⲗⲁⲓ ⲉⲃⲟⲗ, ⲛⲟⲩϫⲉ	utter shout
C2691	ⲛⲟⲩϫⲉ	throw, cast
C2704	ⲛⲟⲩϫⲉ	throw, cast
C3194	ⲣⲱⲧⲉⲃ	recline
C2706	ⲛⲟⲩϫⲕ	sprinkle, asperge, scatter
C2707	ⲛⲟⲩϫⲕ	sprinkling
C2558	ⲛⲟⲩⲧⲉⲙ	sweet
C2623	ⲛⲉⲉϥ	sailor
C2628	ⲛⲓϥⲉ, ⲛⲓϥ	breathe, mist
C2627	ⲛⲓϥⲉ	blow, breathe
C2628	ⲛⲓϥⲉ, ⲛⲓϥ	breathe, mist
C2637	ⲛⲟⲩϥⲉ	good
C2633	ⲛⲟϥⲣⲉ	good, profit, advantage
C2651	ⲛⲟⲩϩⲉ	shake, cast off, set apart, separate
C2654	ⲛⲟⲩϩⲉ	sycamore
C2640	ⲛⲉϩ	oil
C2644	ⲛⲟⲩϩ	rope, cord
C2658	ⲛⲁϩⲃ, ⲛⲁϩϥ	shoulders, back, neck
C2656	ⲛⲁϩⲃ, ⲛⲁϩⲃⲉϥ	yoke
C2446	ⲛⲟⲉⲓⲕ	adulterer
C1637	ⲗⲉⲗⲟⲩ	youth, maiden
C1638	ⲗⲉⲗⲟⲩ	youth, maiden
C2498	ⲛⲏⲛⲓ	honeycomb
C2499	ⲛⲏⲛⲓ	honeycomb
C2486	ⲛⲟⲉⲓⲛ	shake, tremble
C2487	ⲛⲟⲉⲓⲛ	shaking
C2490	ⲛⲟⲩⲛ	abyss
C1596	ⲗⲱⲕ	be soft, fresh
C1597	ⲗⲱⲕ	softness, freshness
C2510	ⲛⲟⲩⲣⲉ	vulture
C2511	ⲛⲟⲩⲣⲉ	vulture
C2860	ⲡⲁⲡⲉⲓⲧ	brick-maker
C2859	ⲡⲱⲱⲡⲉ	knead , make bricks
C2790	ⲡⲉ	heaven, sky
C4392	ⲧⲡⲉ	what is above, upper part
C2802	ⲡⲟⲓ, ⲫⲟⲓ	bench
C2925	ⲡⲱⲧ	run, flee, go
C2928	ⲡⲱⲧ	course, flight
C2933	ⲡⲓⲧⲉ	bow
C2937	ⲡⲱⲧⲥ	divide, split, crack
C2807	ⲡⲁⲓϭⲉ, ⲡⲱϭⲉ	mouth
C2808	ⲡⲁⲕ	air hole
C3023	ⲡⲱϭⲉ	break, burst
C3024	ⲡⲟϭⲉ	broken piece, fragment, pieces , portions
C3022	ⲡⲟϭⲉ	battlefield
C3005	ⲡⲁϩⲟⲩ	buttocks, hinder part, back
C3006	ⲡⲁϩⲟⲩ	hinder, past
C3004	ⲡⲁϩⲧⲉ	strength, valiance
C2979	ⲡⲱϩ	reach, reach maturity, attain, arrive
C4815	ⲧϩⲡⲟ, ⲡⲱϩ	cause to reach, bring back, accompany
C2997	ⲡⲱϩⲧ	bend, bend self, fall
C2983	ⲡⲱϩⲣⲉ, ⲡⲟⲭⲣⲓ	charm, bewitch
C2946	ⲡⲁϣ	trap, snare
C2976	ⲡⲁϩⲉ	fragment
C2806	ⲡⲟⲉⲓϣ	rung, step
C5387	ⲫⲱϧⲉⲛ	covering-, roofing-planks
C2947	ⲡⲁϣϥ	trap
C2973	ⲡⲱϩ	break, burst, tear, divide
C2974	ⲡⲱϩ	division, piece
C2832	ⲡⲓⲛ	mouse
C2835	ⲡⲱⲛ	be poured, flow
C2836	ⲡⲱⲛ	outflow
C2854	ⲡⲟⲛⲕϥ	bottle, tube
C2847	ⲡⲱⲛⲕ	draw, bail, empty out
C2837	ⲡⲱⲱⲛⲉ, ⲫⲱⲛϩ	change, turn
C2840	ⲡⲱⲱⲛⲉ	removal, change, death
C514	ⲃⲁⲣⲛⲉϩ, ⲃⲣⲁⲛⲉϩ, ⲉⲃⲣⲁ	linseed
C633	ⲉⲃⲣⲁ, ⲉⲃⲣⲓ, ⲉϥⲣⲁ, ⲃⲣⲉϣⲏⲩ	seed
C2944	ⲡⲁⲩⲣⲉ, ⲡⲁⲩⲣⲏ	increase, grow
C2945	ⲡⲁⲩⲣⲉ	growth
C2871	ⲡⲉⲓⲣⲉ	coming, shining forth
C2862	ⲡⲣⲱ, ⲫⲣⲱ, ⲡⲣⲟⲩ, ⲡⲗⲱ, ⲡⲉⲓⲣⲉ	winter
C5369	ⲫⲉⲗ	bean
C2824	ⲡⲗⲟϭ	portion, part
C2825	ⲡⲟⲗϭⲥ	clod, lump
C2820	ⲡⲱⲗϭ	be agreed, reach satisfaction, decide
C7676	ϭⲗⲁⲡ	lump, mass
C2901	ⲡⲣⲁϣ	division, branch
C2895	ⲡⲱⲣϣ	be spread
C2896	ⲡⲱⲣϣ	thing spread
C2900	ⲡⲣⲏϣ	thing spread
C2876	ⲡⲟⲣⲕ	outer mantle of clerics, monks
C2880	ⲡⲱⲣⲕ	be plucked out, destroyed
C2881	ⲡⲱⲣⲕ	plucking out
C2903	ⲡⲱⲣϫ	divide, be divided
C2904	ⲡⲱⲣϫ	separation, parting
C2868	ⲡⲏⲣⲉ	quail
C2912	ⲡⲓⲥⲉ	be cooked, melted
C2913	ⲡⲓⲥⲉ	thing cooked
C2919	ⲯⲓⲥ, ⲯⲓⲧ	nine
C2995	ⲡⲱϩⲥ	bite
C2996	ⲡⲱϩⲥ	bite
C2966	ⲡⲱϣⲥ	be amazed, beside oneself
C2969	ⲡⲱϣⲥ	amazement
C2962	ⲡⲁϣⲛⲉ	service, ordination
C2958	ⲡⲱϣⲛ	do service, serve
C2959	ⲡⲱϣⲛ	service, ordination
C2964	ⲫⲟϣⲛⲉϥ	ordination
C2963	ⲡⲁϣⲛⲉⲥ	ordination
C2956	ⲡⲁϣⲉ	division, half
C2949	ⲡⲱϣ	divide, be separate
C2951	ⲡⲱϣ	division
C2940	ⲡⲱⲧϩ	carve, engrave, depict
C2941	ⲡⲱⲧϩ	thing carved, graven, wrought
C2874	ⲡⲱⲱⲣⲉ	dream
C690	ⲉⲡⲱ	part of fastening of door
C2791	ⲡⲉ	leap, jump
C2786	ⲡⲉ, ⲛⲉ	masc. possessive article sg.
C2787	ⲡⲉ, ⲡⲟⲩ, ⲡⲉ	your
C2788	ⲡⲉ, ⲛⲉ	sg. masc. copula
C2922	ⲡⲁⲧ	knee
C2805	ⲡⲁⲓϣⲉ	a disease producing pustuls, swelling
C2809	ⲡⲁⲕⲉ	be, become light, thin
C2810	ⲡⲁⲕⲉ	lightness
C2813	ⲡⲟⲕϥ	thin sheet, plate
C2795	ⲡⲏ	patricians
C7552	ϭⲓ	figure, manner
C7746	ϭⲓⲛ	act of, manner of
C1112	ⲕⲃⲟ, ⲕⲃⲁ	be, become cool
C1113	ⲕⲃⲟ, ⲕⲃⲁ	coolness
C1116	ⲕⲃⲱⲟⲩ	cool wind ; coolness
C1102	ⲕⲏⲃⲓ, ⲕⲁⲃⲓ	jar, pitcher
C1117	ⲕⲱⲃϩ, ⲕⲟⲟⲃϩ	sinew, cord
C1413	ⲕⲓⲧⲉ	sleep
C2458	ⲛⲕⲟⲧⲕ	sleep
C2459	ⲛⲕⲟⲧⲕ	sleep
C1409	ⲕⲁⲧⲟ	boat, skiff
C1394	ⲕⲁϯ	know, understand
C1395	ⲕⲁϯ	knowledge, understanding
C1411	ⲕⲓⲧⲉ	double drachma
C1437	ⲕⲟⲧ	circular motion, turn, visit
C1442	ⲕⲟⲧ	wheel
C1443	ⲕⲟⲧ, ⲕⲁⲧ	basket
C1451	ⲕⲧⲟ	turn, surround
C1459	ⲕⲧⲟ	turning, return, what surrounds
C1416	ⲕⲱⲧⲉ	turn, go around
C1431	ⲕⲱⲧⲉ	turning round, circuit, surroundings
C1433	ⲕⲱⲧⲉ	about, concerning
C4232	ⲧⲕⲧⲟ, ⲕⲱⲧⲉ	put around, go around, set around
C1391	ⲉⲕⲱⲧ	builder, mason
C1383	ⲕⲱⲧ	build, form
C1385	ⲕⲱⲧ	act of building
C7929	ϭⲟⲧ	sort, form
C8004	ϭⲟⲩϫ	safflower
C1467	ⲕⲱⲧϥ	gather
C1265	ⲕⲟⲛϥ	a title or epithet
C1504	ⲕⲟⲟϩ, ⲕⲱϩ	angle, corner
C3451	ⲥⲉⲕⲉϩ	clear out
C7490	ϫⲁϩϫϩ	strike, hammer, beat
C7491	ϫⲁϩϫϩ	beating
C7492	ϫⲁϩϫϩ	beaten
C1516	ⲕⲁϩⲥ	custom
C5409	ⲭⲟⲥ	eructation, vomiting
C1222	ⲕⲙⲕⲙ	strike, beat
C1223	ⲕⲙⲕⲙ	drum
C1237	ⲕⲟⲙⲙⲉ	gum
C1215	ⲕⲓⲙ	move, be moved
C1216	ⲕⲓⲙ	movement
C2121	ⲙⲁⲧⲉⲙ	trident, three-pronged fork
C7705	ϭⲁⲙ	bull
C1213	ⲕⲁⲙ	reed, rush
C1243	ⲕⲏⲛ	cease, fail
C1248	ⲕⲛⲛⲉ	be fat, sweet
C1249	ⲕⲛⲛⲉ	fatness, sweetness
C1261	ⲕⲛⲁⲁⲩ	sheaf
C7810	ϭⲱⲛϭ	wring , nip off
C7801	ϫⲓⲛϯ, ϭⲓⲛ	anger, wrath
C444	ⲃⲱⲗⲕ, ϭⲱⲛⲧ	be wrath
C7787	ϭⲱⲛⲧ	be angry
C7788	ϭⲱⲛⲧ	anger, rage, wrath
C7789	ϭⲱⲛⲧ	angry, enraged
C1263	ⲕⲉⲛⲉⲫⲓⲧⲉⲛ	kind of loaf or cake
C1268	ⲕⲛϩⲉ	porch, shrine
C1258	ⲕⲛⲧⲉ	fig
C1120	ⲕⲟⲩⲕ	a bird
C1119	ⲕⲟⲩⲕ, ⲕⲟⲩⲕⲉ	rhind
C1127	ⲕⲟⲩⲕⲉ	rind, skin
C1122	ⲕⲱⲕ	peel, strip off, divest
C1123	ⲕⲱⲕ	bareness, nakedness
C1293	ⲕⲣⲟ	shore, further side, limit
C1294	ⲕⲣⲟ	valley, hill
C7597	ϭⲱⲗ	collect, gather
C7599	ϭⲱⲗ	return, roll back
C3443	ⲥⲕⲟⲣⲕⲣ	roll, be rolled
C3444	ⲥⲕⲟⲣⲕⲣ	rolling
C1195	ⲕⲉⲗϥⲓ	eyelid
C1196	ⲕⲗⲁϥⲧ	hood, cowl
C1339	ⲕⲣⲟϥ	guile, ambush
C1340	ⲕⲣⲟϥ	guileful, false
C1205	ⲕⲗϩⲉ	blow
C1197	ⲕⲱⲗϩ	strike, knock
C1204	ⲕⲱⲗϩ	blow, knock
C7690	ϭⲁⲗⲁϩⲧ	pot
C1308	ⲕⲱⲣⲙ	smoke
C1315	ⲕⲣⲙⲧⲥ	smoke, mist
C742	ⲉⲧⲛⲓⳉ, ⲕⲣⲙⲉⲥ	ashes
C1318	ⲕⲣⲙⲉⲥ	ash, soot, dust
C1319	ⲕⲣⲙⲉⲥ	ash, soot, dust
C1309	ⲕⲣⲙⲣⲙ	murmur, be vexed
C1310	ⲕⲣⲙⲣⲙ	murmuring, complaint
C1162	ⲕⲉⲗⲱⲗ, ⲕⲟⲩⲗⲱⲗ	pitcher, jar
C1165	ⲕⲗⲟⲟⲗⲉ	cloud
C7658	ϭⲗⲓⲗ	burnt offering
C1373	ⲕⲁⲓⲥⲉ, ⲕⲉⲓⲥⲉ, ⲕⲉⲥⲉ	preparation for burial, embalming
C1330	ⲕⲱⲣϣ	request, persuade, cajole
C1331	ⲕⲱⲣϣ	entreaty, persuasion
C1335	ⲕⲟⲣϣϥ	flatterer
C7182	ϫⲓⲗⲗⲉⲓ, ϭⲗ	shield
C7583	ϭⲗ	weapon, shield
C1358	ⲕⲁⲥ	bone
C1363	ⲕⲁⲥ	stone, pit
C1366	ⲕⲱⲱⲥ, ⲕⲱⲛⲥ, ⲕⲱⲱⲥⲉ	dress, prepare corpse for burial, bury
C1367	ⲕⲱⲱⲥ, ⲕⲱⲛⲥ, ⲕⲱⲱⲥⲉ	corpse
C1121	ⲕⲟⲩⲕ, ϭⲟⲩϭ	fruit of the doum palm
C1046	ⲕⲏ	river-bank
C1050	ⲕⲟⲓⲉ	field
C1473	ⲕⲟⲟⲩ, ⲕⲱⲟⲩ, ⲕⲁⲩ	length of time
C641	ⲉⲕⲓⲃⲉ, ⲕⲓⲃⲉ, ⲙⲛⲟⲧ	breast, nipple
C1271	ⲕⲁⲡ	string
C1096	ⲕⲃⲃⲉ	fold, crease
C1097	ⲕⲟⲟⲃⲉϥ	doubling
C1094	ⲕⲱⲃ	be doubled
C1095	ⲕⲱⲃ	double, return, repetition
C8039	ϭⲉϭⲟⲩ	a dark fuel
C8032	ϭⲱϭ	roast, bake
C8033	ϭⲱϭ	backed bread
C4211	ⲧⲱⲕ	kindle, stoke, heat
C4213	ⲧⲱⲕ	baking
C1494	ⲕⲁϩ	earth, soil
C1503	ⲕⲟⲉⲓϩ, ⲕⲁⲓϩ	sheath
C1524	ⲕⲱϩⲧ	fire
C1156	ⲕⲗⲗⲉ	bolt
C1157	ⲕⲗⲗⲉ	bolt
C7682	ϭⲗⲧⲉ	an object given as security
C1503	ⲕⲟⲉⲓϩ, ⲕⲁⲓϩ	sheath
C1501	ⲕⲉϩ	arm
C1529	ⲕⲉϩⲧⲉ	loin, hip
C1530	ⲕⲉϩⲧⲉ	loin, hip
C1504	ⲕⲟⲟϩ, ⲕⲱϩ	angle, corner
C1505	ⲕⲟⲟϩ, ⲕⲱϩ	angle, corner
C1495	ⲕⲁϩ	district, province
C615	ⲉ, ⲁ, ⲉⲣⲟ, ⲉⲗⲁ, ⲁⲣⲁ, ⲛ	to, for, according to, as regards
C7055	ϫⲉ	namely
C3178	ⲣⲱⲧ	grow, sprout, be covered with a growth
C3179	ⲣⲱⲧ	growth
C3177	ⲣⲏⲧ	a title
C3185	ⲣⲏⲧⲉ	manner, fashion, likeness
C1737	ⲗⲉϩ	care, anxiety
C3249	ⲣⲁϩⲧⲥ	striking, slaughter
C3242	ⲣⲁϩⲧ	cleaner, fuller
C3243	ⲣⲁϩⲧ	cleaner, fuller
C3239	ⲣⲱϩⲉ	become, be clean
C3240	ⲣⲱϩⲉ	cleansing
C2647	ⲛⲟϩ ⲛⲣⲱϣ, ⲣⲱϣ	land measure
C3221	ⲣⲱϣ	measure
C5673	ϣ	know, be able, permitted
C1742	ⲗϩⲱⲃ, ⲗϩⲱⲱϥ, ⲁⲗϩⲱⲃ	steam, vapour
C3242	ⲣⲁϩⲧ	cleaner, fuller
C3243	ⲣⲁϩⲧ	cleaner, fuller
C3254	ⲣⲁϩⲧⲉ	cauldron
C3080	ⲣⲱⲕϩ	burn
C3081	ⲣⲱⲕϩ	burning, fervour
C3083	ⲣⲟⲕϩ	fuel, firewood
C3086	ⲣⲁⲙⲉ	perch of Nile
C3087	ⲣⲁⲙⲉ	perch of Nile
C3088	ⲣⲓⲙⲉ, ⲧⲣⲙⲓⲟ	weep
C3089	ⲣⲓⲙⲉ	weeping
C3090	ⲣⲙⲉⲓⲏ	tear
C3106	ⲣⲁⲙⲱⲛⲉ	part of door, post
C3144	ⲣⲉⲣⲙⲏ	1/2 arura
C3092	ⲣⲱⲙⲉ	man, human being
C3093	ⲣⲱⲙⲉ	man, human being
C3094	ⲣⲱⲙⲉ	human
C3095	ⲣⲱⲙⲉ	any one, no one
C3121	ⲣⲁⲛ	name
C485	ⲃⲛⲣⲁⲩⲛⲉ, ⲣⲟⲟⲩⲛⲉ	virgin palm
C3203	ⲣⲟⲟⲩⲛⲉ	virgin, virginity
C3204	ⲣⲟⲟⲩⲛⲉ	virgin
C3109	ⲣⲟⲙⲡⲉ	year
C1603	ⲗⲟⲩⲕⲗⲁⲕ	bad, wicked
C3073	ⲣⲁⲕⲧⲥ	bent, direction, perversion
C3077	ⲣⲉⲕⲣⲓⲕⲉ, ⲣⲓⲕⲉ	bending, nodding
C3066	ⲣⲓⲕⲉ	bend, turn, incline
C3068	ⲣⲓⲕⲉ	turning, inclination
C6110	ϣⲧⲟⲩⲗ	hook
C3137	ⲣⲁⲁⲣ, ⲣⲁⲁⲣⲉ, ⲣⲁⲓⲣⲉ	sucking pig
C3132	ⲣⲓⲣ	swine, pig
C3146	ⲣⲁⲥⲟⲩ	dream
C3150	ⲣⲏⲥ	south
C3151	ⲣⲏⲥ	south, southern
C3058	ⲣⲟⲉⲓⲥ	be awake, watch
C3060	ⲣⲟⲉⲓⲥ	watch, guard
C3145	ⲣⲥⲱ	fold
C3222	ⲣⲁϣⲉ	rejoice
C3223	ⲣⲁϣⲉ	gladness, joy
C3233	ⲣⲉϣⲣⲉϣ	shoot, flower
C47	ⲁⲗⲟ, ⲗⲟ	cease, stop!
C1547	ⲗⲟ, ⲗⲁ	cease, stop
C3201	ⲣⲟⲟⲩⲉ	stubble
C5136	ⲟⲩⲣⲟⲧ	be glad, be eager, be ready, rejoice
C5137	ⲟⲩⲣⲟⲧ	gladness, abundance, zeal
C3235	ⲣⲟⲩϩⲉ	evening
C3207	ⲣⲟⲟⲩϣ	have care for, be intent on
C3208	ⲣⲟⲟⲩϣ	care, concern
C3049	ⲣⲁ	part, fraction
C3038	ⲣⲟ	mouth
C3055	ⲣⲟ	goose
C3034	ⲣⲏ	sun
C3035	ⲣⲏ	sun-god Re
C3261	ⲥ	she
C3262	ⲥ	she; her, hers
C3283	ⲥⲉ	they
C3284	ⲥⲉ, ⲥⲟⲩ	them
C3301	ⲥⲟⲩ, ⲥⲉ	them
C3271	ⲥⲁ, ⲥϩⲓⲙⲉ	man
C3272	ⲥⲁ, ⲥϩⲓⲙⲉ	man
C3286	ⲥⲉ	seat, place
C3287	ⲥⲉ	place of
C5711	ϣⲏⲓ	pit, cistern
C3351	ⲥⲃⲃⲉ	circumcise
C3352	ⲥⲃⲃⲉ	circumcision
C3340	ⲥⲏⲃⲉ	reed
C3343	ⲥⲓⲃ	tick
C213	ⲁⲥⲟⲩ, ⲉⲥⲟⲩ, ϣⲉⲃⲓⲱ	price, value
C5743	ϣⲓⲃⲉ	change
C5751	ϣⲓⲃⲉ	change, be changed, separate
C5752	ϣⲓⲃⲉ	change, difference
C6155	ϣⲟⲩⲱⲃⲉ	throat
C3868	ⲥⲟⲩⲕⲏ	planet Mercury
C3374	ⲥⲃⲱϩ, ⲥⲃⲟϩ	implore
C3378	ⲥⲱⲃϩ	become, be leprous
C3379	ⲥⲱⲃϩ	leprosy
C3373	ⲥⲃϣⲉ	shield
C3360	ⲥⲃⲗⲧⲉ	roll over, about
C3361	ⲥⲉⲃⲉⲛ	bandage, selvage
C3867	ⲥⲱⲟⲩⲃⲉⲛ, ⲥⲁⲩⲃⲟⲩ	grass
C5760	ϣⲃⲓⲛ	grain, cereal
C5761	ϣⲃⲓⲛ	name of plant or cereal
C5964	ϣⲱⲛϥ	join, come together
C5965	ϣⲱⲛϥ	union, unity
C3365	ⲥⲟⲃⲧ	wall , fence
C3344	ⲥⲱⲃⲉ	laugh, play
C3345	ⲥⲱⲃⲉ	laughter, derison
C2521	ⲛⲉⲥⲃⲱⲱ, ⲥⲁⲃⲉ	be wise
C3327	ⲥⲁⲃⲉ, ⲛⲉⲥⲃⲱⲱ	wise person
C3330	ⲥⲁⲃⲉ	wise
C3313	ⲥⲃⲟ, ⲥⲃⲱ, ⲥⲁⲃⲟ, ⲧⲥⲁⲃⲟ	learn
C3337	ⲥⲃⲟⲩⲓ	disciple, apparentice
C3314	ⲥⲃⲱ	doctrine, teaching
C3335	ⲥⲉⲃ, ⲥⲏⲃ	knowing, cunning person
C860	ⲧⲥⲁⲃⲟ ⲛⲉⲓⲁⲧ ⲉⲃⲟⲗ, ⲧⲥⲁⲃⲟ	instruct, inform
C4561	ⲧⲥⲁⲃⲟ, ⲥⲁⲃⲉ	make wise, teach, show
C4562	ⲧⲥⲁⲃⲟ, ⲥⲁⲃⲉ	teaching, instruction
C3312	ⲥⲃⲉ	door, gate
C3860	ⲥⲓⲟⲩ	star
C6228	ϣⲟⲉⲓϫ	athlete, gladiator
C6229	ϣⲟⲉⲓϫ	athlete, gladiator
C6224	ϣⲱϫⲉ	contend, wrestle
C6225	ϣⲱϫⲉ	contest
C6230	ϣⲟⲉⲓϫϥ	athlete, gladiator
C6231	ϣϫⲉ	locust
C6095	ϣⲁⲁⲧⲥ	cutting, ditch
C5785	ϣⲓⲕ	what is dug, depth
C5780	ϣⲱⲕ, ϣⲓⲕⲉ	dig, be deep
C6101	ϣⲱⲧⲉ	well, cistern, pit
C6183	ϣⲟⲩϣⲧ	window, niche, alcove
C6099	ϣⲓⲧⲉ	demand, extort
C6082	ϣⲟⲧ	pillow, cushion, bag
C6102	ϣⲱⲧⲉ	flour, dough
C3810	ⲥⲧⲏⲙ	stibium
C3824	ⲥⲧⲙⲏⲧ	obedient
C3812	ⲥⲱⲧⲙ	hear
C3815	ⲥⲱⲧⲙ	hearing, obedience
C2328	ⲙⲁⲁϫⲉ	ear
C6030	ϣⲁⲓⲣⲉ	couch, sheepfold
C7413	ϫⲧⲟ	lay down
C3937	ⲥⲁϥ	yesterday
C3939	ⲥⲏϥⲉ	sword, knife
C3940	ⲥⲏϥⲉ	sword, knife
C3941	ⲥⲓϥⲉ	tar
C5747	ϣⲃⲉ	majestic
C6193	ϣⲁϥⲉ	swell
C6194	ϣⲁϥⲉ	swell
C6204	ϣⲱϥⲧ	hollow of hand, handful
C3931	ⲥⲁϣϥ	seven
C3933	ϣϥⲉ	seventy
C3934	ⲥⲓϣϥ	fragment, flake
C5749	ϣⲃⲉ	off-scouring, filth
C6196	ϣϥⲱ	tale, fable
C6252	ϣϭⲛⲏⲛ	strive, contend
C6253	ϣϭⲛⲏⲛ	strife, rivalry
C5776	ϣⲱⲃϩ	be scorched, withered
C6209	ϣⲱϩⲃ, ϣⲱⲃϩ	be withered, scorched
C6215	ϣϩⲓϭ	dust
C3556	ⲥⲓⲙⲥⲓⲙ	sesame
C5883	ϣⲱⲙ	summer
C508	ⲃⲣⲃⲣ, ϩⲙⲟⲙ	boil, boil up/over, blaze
C6630	ϩⲙⲟⲙ	be hot, have fever
C6631	ϩⲙⲟⲙ	heat, fever
C370	ⲃⲱⲕ, ϥⲱⲕ, ⲃⲱⲹ, ⲃⲁⲕ, ⲃⲏⲕ, ϥⲏⲕ, ⲃⲏⲹ, ϣⲉ	go, depart
C5698	ϣⲉ	go
C5875	ϣⲏⲙ	sign, omen
C5877	ϣⲏⲙ	augury
C5879	ϣⲓⲙⲉ	row, course
C5878	ϣⲟⲉⲓⲙ	row, course
C7078	ϫⲟ	put, send forth, spend
C5891	ϣⲙⲟⲩ	peg, stake
C5894	ϣⲙⲙⲱ	stranger
C5893	ϣⲙⲙⲟ	stranger
C5895	ϣⲙⲙⲟ	strange
C4730	ⲧϣⲙⲟ, ϣⲙⲁ	make small
C5888	ϣⲙⲁ	be light, fine, subtle
C5889	ϣⲙⲁ	fineness, subtlety
C5890	ϣⲱⲱⲙⲉ	light, fine
C3574	ⲥⲓⲛⲉ	ploughshare
C3575	ⲥⲓⲛⲉ	pass by, through, beyond, across
C3591	ⲥⲛⲁⲉⲓⲛ, ⲥⲓⲛⲉ	skip, stroll, wander
C3616	ⲥⲛⲁⲩ, ⲥⲁⲛⲓⲥ	two
C3618	ⲥⲛⲁⲩ	two
C3617	ⲥⲛⲧⲉ	two
C3619	ⲥⲛⲧⲉ	two
C3613	ⲥⲛⲧⲉ	foundation
C3583	ⲥⲟⲛ	brother
C3584	ⲥⲟⲛ	brother
C3602	ⲥⲛⲥⲛ	resound
C5943	ϣⲛⲁ	waste land
C3651	ⲥⲉⲉⲡⲉ	remain over, be remainder
C3652	ⲥⲉⲉⲡⲉ	remainder
C3671	ⲥⲱⲡⲉ, ⲥⲡⲟⲧⲟⲩ	edge, fringe
C3683	ⲥⲡⲟⲧⲟⲩ, ⲥⲱⲡⲉ	lips , edge, shore
C5994	ϣⲡⲓⲉⲉⲧⲉ	modest person
C5993	ϣⲡⲓⲏⲧ	modest person
C3604	ⲥⲁⲛⲟⲩⲑ	coward
C3603	ⲥⲛⲁⲧ	fear
C5959	ϣⲛⲧⲱ	sheet, robe of linen
C5957	ϣⲟⲛⲧⲉ	thorn tree, acacia
C5750	ϣⲏⲃⲉ, ϣⲛϥⲉ	scale
C5966	ϣⲛϥⲉ	scale
C6246	ϣⲱⲱϭⲉ	smite, wound, be wounded
C6247	ϣⲱⲱϭⲉ	blow, wound
C6248	ϣϭⲁ	blow, wound
C734	ⲉⲥⲟⲟⲩ, ⲥⲣⲟ	sheep
C3684	ⲥⲣⲟ	ram
C3480	ⲥⲉⲗⲥⲓⲗ	orderly
C3488	ⲥⲉⲗⲥⲓⲗ, ⲥⲗⲥⲓⲗ	comfort
C3475	ⲥⲟⲗⲥⲉⲗ, ⲥⲗⲥⲗ	adorn
C3476	ⲥⲟⲗⲥⲉⲗ	adornment
C6024	ϣⲱⲣ	pile up, make thick
C5691	ϣⲁ	nose
C6033	ϣⲉⲉⲣⲉ	daughter, child
C6032	ϣⲏⲣⲉ	son, child
C6043	ϣⲓⲣⲉ	small
C6047	ϣⲓⲣⲉ	leaf of plant , acacia or mimosa
C5851	ϣⲗⲟϥ	shame, disgrace
C5852	ϣⲗⲟϥ	shameful
C5853	ϣⲗϩ	twig, shoot
C5854	ϣⲗϩ	stave, wand
C5855	ϣⲗⲉϩ	use twigs
C3721	ⲥⲁⲣⲡⲟⲧ	lotus
C3864	ⲥⲉ	sixty
C3862	ⲥⲟⲟⲩ	six
C3751	ⲥⲓⲥⲉ	term for an eye powder
C3922	ⲥⲱϣⲙ, ⲥⲱϩⲙ	burn, be hot
C5967	ϣⲁⲡ	marriage gift
C5969	ϣⲟⲡ	palm
C5979	ϣⲟⲡⲥ	reception, entertainment
C5970	ϣⲱⲡ	group of four
C5971	ϣⲱⲡ	receive, contain, take, suffer
C6161	ϣⲟⲩϣⲟⲩ	boast, pride oneself
C6162	ϣⲟⲩϣⲟⲩ	boast, pride
C6169	ϣⲟϣ	kind of antelope
C6170	ϣⲟϣ	kind of antelope
C3759	ⲥⲧⲱ	bank
C3839	ⲥⲉⲧⲥⲱⲧ, ⲥⲓⲧⲉ	shine, sparkle
C3768	ⲥⲓⲧⲉ	throw, sow, put
C3781	ⲥⲓⲧⲉ	beam of light
C3775	ⲥⲟⲧⲉ	arrow, dart
C3776	ⲥⲟⲧⲉ	arrow, dart
C3806	ⲥⲧⲟⲓ	smell
C6108	ϣⲧⲟⲃ	muzzle
C6107	ϣⲱⲧⲃ	muzzle
C3844	ⲥⲱⲧϥ, ⲥⲱϥ	be pure, clear, purified, separated
C3845	ⲥⲱⲧϥ	what is purified, purity
C3832	ⲥⲟⲧⲡⲓ	chosen, elect
C3828	ⲥⲱⲧⲡ	choose
C3831	ⲥⲱⲧⲡ	chosen, elect
C3786	ⲥⲧⲱⲧⲉ	double arura
C3785	ⲥⲱⲧ, ⲥⲧⲉⲓⲱϩⲉ	a measure of land
C3850	ⲥⲏⲩ	time, season
C3753	ⲥⲟⲩⲥⲟⲩ	point, atom, moment
C3866	ⲥⲟⲩⲟ	corn, wheat
C3302	ⲥⲱ	soaked reed, mat of reeds
C3303	ⲥⲱ	soaked reed, mat of reeds
C4729	ⲧϣⲟⲩⲓⲟ, ϣⲟⲟⲩⲉ	dry , make dry, parch
C486	ⲃⲛϣⲟⲟⲩⲉ, ϣⲟⲟⲩⲉ	dried dates
C6149	ϣⲟⲟⲩⲉ	be dry, wither
C693	ⲉⲡⲣⲁ, ⲡⲣⲁ, ⲉⲫⲗⲏⲟⲩ, ϣⲟⲩⲉⲓⲧ	vain, empty
C6151	ϣⲟⲩⲉⲓⲧ	empty
C6150	ϣⲟⲩⲟ	flow, pour, discharge; pour, empty
C5746	ϣⲃⲉ, ϣⲟⲩⲏⲃ	persea
C5746	ϣⲃⲉ, ϣⲟⲩⲏⲃ	persea
C6154	ϣⲟⲩⲏⲃ	persea tree
C3889	ⲥⲟⲟⲩϩⲉ	egg
C5794	ϣⲟⲩⲕⲣⲉ	a plant
C3304	ⲥⲱ, ⲧⲥⲟ	drink
C3305	ⲥⲱ	drinking, potation
C4543	ⲧⲥⲟ, ⲥⲱ	give to drink, slake
C4544	ⲧⲥⲟ, ⲥⲱ	watering
C3310	ⲥⲱⲱϥ	drinking-bout, carousal
C3858	ⲥⲏⲟⲩⲉ	bandage
C3295	ⲥⲟ	protection
C3263	ⲥⲁ	side, part
C3293	ⲥⲁⲓ	repletion, saturation
C3288	ⲥⲉⲓ, ⲧⲥⲉⲓⲟ	be filled, satisfied, enjoy
C3289	ⲥⲉⲓ	fullness, surfeit
C5695	ϣⲁⲓ	fortune, fate
C6142	ϣⲁⲩ	trunk, stump, piece
C6133	ϣⲁⲩ	use, value
C6134	ϣⲁⲩ	useful, fitting; virtuous
C6139	ϣⲁⲩ	be useful, valuable
C768	ϣⲉ, ⲣⲓⲣ	pig
C767	ⲉϣⲱ, ⲣⲓⲣ	sow
C6140	ϣⲟⲩ	worthy of, fit for
C6175	ϣⲱϣ	twist
C3951	ⲥⲁϩ	awl, borer
C5882	ϣⲱⲙ	wash
C3427	ⲥⲱⲕⲓ, ⲥⲱⲕ	gather, pick
C3407	ⲥⲟⲕ	sack, sackcloth, bag
C3496	ⲥⲟⲗϥ, ⲥⲱⲗ	sieve
C3455	ⲥⲱⲗ, ⲥⲱⲣ	dissipate, pervert
C5807	ϣⲟⲗ	bundle
C725	ⲉⲥⲏⲧ	ground, bottom, lowest part
C6107	ϣⲱⲧⲃ	muzzle
C7954	ϭⲏⲟⲩ, ϣⲏⲩ	coriander
C5706	ϣⲉ	small bronze coin
C5735	ϣⲱ	sand
C6094	ϣⲁⲁⲧⲉ	part cut off, portion
C6089	ϣⲱⲱⲧ	cut, slay
C6091	ϣⲱⲱⲧ	thing cut
C6095	ϣⲁⲁⲧⲥ	cutting, ditch
C3724	ⲥⲟⲣⲧ	wool
C3725	ⲥⲟⲣⲧ	wool
C4668	ⲧⲟⲟⲩⲉ	shoe, sandal
C4130	ⲧⲃⲧ	fish
C7288	ϫⲟⲡ	dish, bowl
C2054	ⲉⲙⲥⲱⲃⲉ, ⲙⲥⲱⲡⲉ	large needle
C4127	ⲧⲱⲃⲥ	be pricked, be incited
C4128	ⲧⲱⲃⲥ	pricking of conscience, compunction, admonition
C4122	ϯⲃⲥ	heel
C820	ⲑⲓϥⲓ	take out, away
C822	ⲑⲟϥⲧⲉϥ	let fall drop by drop
C4732	ⲧⲁϥ	saliva, spittle
C4702	ⲧⲁϣ	unknown meaning
C4776	ⲧⲁϩⲥ, ⲧⲁϩⲧϩ	confusion
C4828	ⲧⲁϩⲧϩ, ⲧⲱϩ	mix, confuse
C4829	ⲧⲁϩⲧϩ, ⲧⲱϩ	mixture, confusion
C4190	ⲧⲱⲕ	be strong, be firm, be thick
C6916	ϩⲧⲁⲓ	become, be fat
C7471	ϫⲓϩ	spittle
C4755	ϯϩⲉ	become/be drunken
C4756	ϯϩⲉ	drunkenness
C4768	ⲧⲱϩ	be mixed, be disturbed, be clouded
C4769	ⲧⲱϩ	mixture, disturbance
C7993	ϭⲉϩ	be exalted
C4778	ⲑⲁⲃ	leaven
C4777	ⲧⲱϩⲃ	moisten, soak
C4798	ⲧⲱϩⲙ	knock on the door, summon, invite, chase, urge, pursue
C4799	ⲧⲱϩⲙ	calling, convocation
C4820	ⲧⲱϩⲥ	anoint
C4821	ⲧⲱϩⲥ	anointing
C4822	ⲧⲁϩⲥ	anointing, ointment
C7478	ϫⲟⲩϩⲉ	limp, halt
C2332	ⲙⲁϫⲕⲉ	a woman's garment
C7543	ϫⲏϭⲉ	purple dye
C7544	ϫⲏϭⲉ	purple
C7540	ϫⲱϭⲉ	be dyed, stained
C7541	ϫⲱϭⲉ	colour, dye
C6244	ϣϫⲓⲧ	dyer
C7547	ϫϭⲓⲧ, ϣϫⲓⲧ	dyer
C4868	ⲧⲱϭⲛ	push, repel
C4225	ⲧⲱⲕⲥ	be pierced, be studded, be fixed, be settled
C4226	ⲧⲱⲕⲥ	piercing, fixture, settlement, pricking, admonition
C4219	ϯⲕ	sparkle
C4282	ⲧⲙ	negation of infinitive and some verbal forms
C4296	ⲧⲱⲙ	shut
C809	ⲑⲙⲓⲥ, ⲑⲉⲙⲓⲥ	dust
C4320	ⲧⲱⲙⲥ	bury
C4283	ⲧⲙⲏ, ⲧⲟⲙ	mat
C4294	ⲧⲟⲙ, ⲧⲙⲏ	mat
C4303	ⲧⲱⲱⲙⲉ	join, be fitting, be appropriate
C4307	ⲧⲱⲱⲙⲉ	purse, wallet
C808	ⲑⲟⲩⲙⲉ	zodiacal sign: Virgo
C4334	ⲧⲛ	every
C4339	ⲧⲱⲛ	where?
C4349	ⲧⲱⲛ	dispute, quarrel
C7433	ϫⲁⲩⲗⲉ	support, bear
C7234	ϫⲓⲛ	power, capacity
C7259	ϫⲛⲁⲩ	delay, hesitate
C7260	ϫⲛⲁⲩ	sloth
C7264	ϭⲉⲛⲛⲉ	sluggard, delayer
C6236	ϣⲟϫⲛⲉ	take counsel, consider
C6237	ϣⲟϫⲛⲉ	counsel, design
C7246	ϫⲛⲟⲩ	ask, question, require
C7247	ϫⲛⲟⲩ	questioning, inquiry
C7254	ϫⲟⲛⲧⲥ	trial
C7251	ϫⲱⲛⲧ	try, test, attempt
C7252	ϫⲱⲛⲧ	trial
C7270	ϫⲛⲟϥ	basket, crate
C7804	ϭⲛⲟⲩϥ	heavy object
C7267	ϫⲱⲛϥ	happen, befall, chance
C7268	ϫⲱⲛϥ	chance
C4260	ⲧⲗⲟⲙ	furrow
C7189	ϫⲗⲱⲙ	brazier
C4243	ⲧⲁⲗ	heap, hillock
C4244	ⲧⲁⲗⲁⲧⲏⲗ	heap, hillock
C165	ⲁⲡⲉ, ⲁⲫⲉ, ⲁⲡⲏ, ⲁⲡⲏⲩⲉ, ⲁⲫⲏⲟⲩⲓ, ⲁⲡⲏⲟⲩ	head
C166	ⲁⲡⲉ, ⲁⲫⲉ, ⲁⲡⲏ, ⲁⲡⲏⲩⲉ, ⲁⲫⲏⲟⲩⲓ, ⲁⲡⲏⲟⲩ	capital , total, poll tax
C4105	ⲧⲃⲁⲓ	"upon mountain"", Anubis's title)"
C7225	ϫⲙⲡⲉϩ	apple
C4427	ⲧⲁⲡⲛ	cumin
C4440	ⲧⲁⲣ	branch, point
C4010	ⲧⲏ	time, season
C4519	ⲧⲣⲣⲉ	be afraid
C4452	ⲧⲱⲣⲉ	willow
C7352	ϫⲱⲣⲙ	make sign, beckon, nod, blink
C7353	ϫⲱⲣⲙ	sign
C7357	ϫⲱⲣⲡ	stumble, trip
C4521	ⲧⲣⲓⲣ	oven
C4256	ⲧⲉⲗⲏⲗ	rejoice
C4257	ⲧⲉⲗⲏⲗ	joy
C7382	ϫⲓⲥⲉ	become, be high
C7385	ϫⲓⲥⲉ	high, upraised
C7387	ϫⲓⲥⲉ	height, top
C7376	ϫⲟⲉⲓⲥ	lord, master, owner
C7377	ϫⲟⲉⲓⲥ	mistress, owner
C7391	ϫⲟⲥⲉ, ϫⲟⲉⲓⲥ	exalted person, place
C7392	ϫⲟⲥⲉ, ϫⲟⲉⲓⲥ	exalted person, place
C7394	ϫⲓⲥⲉ	back
C7493	ϫⲁϫ	sparrow
C4612	ⲧⲏⲧϥ	kind of jug
C7440	ϫⲟⲟⲩϥ	papyrus
C4693	ⲧⲟⲟⲩⲧⲉ	be gathered, be collected, assemble
C4694	ⲧⲟⲟⲩⲧⲉ	gathering, congregation
C4691	ⲧⲟⲩⲱⲧ	idol, pillar
C4692	ⲧⲟⲩⲱⲧ	idol, pillar
C4599	ⲧⲱⲧ	be joined, be persuaded, be agreeable to
C4601	ⲧⲱⲧ	agreement, mingling
C4615	ⲧⲟⲩⲁ	door-lintel, door-post
C4616	ⲧⲟⲩⲁ	door-lintel, door-post
C6079	ϣⲥⲟⲟⲩ	shame
C4065	ⲧⲟ, ⲕⲙⲧⲟ	land, earth
C776	ⲉϫⲱ, ⲁϫⲱ, ⲉϭⲟⲩ, ⲉϣⲟⲩ, ⲉϫⲉⲩ	tongs, pincers
C3791	ⲥⲏⲧⲉ	spun
C3787	ⲥⲱⲧ	return, repeat, not . . . again
C7425	ϫⲓⲟⲩⲉ	steal
C7426	ϫⲓⲟⲩⲉ	theft, fraud
C7427	ϫⲓⲟⲩⲉ	stolen, secret
C7432	ϫⲓⲟⲩⲉ	be in debt
C4635	ⲧⲏⲩ	wind, breath
C7073	ϫⲓ	vessel
C4768	ⲧⲱϩ	be mixed, be disturbed, be clouded
C4769	ⲧⲱϩ	mixture, disturbance
C4726	ⲧⲉϣⲉ	borderer, neighbour
C4727	ⲧⲉϣⲉ	borderer, neighbour
C4707	ⲧⲱϣ	be boundary, be fixed, be moderate
C4708	x	ordinance
C4720	ⲧⲟϣ	border, limit
C7381	ϫⲱⲥ	become, be hard, solid
C4929	ⲟⲩⲃⲁϣ	become white, be white
C4930	ⲟⲩⲃⲁϣ	whiteness
C4931	ⲟⲩⲱⲃϣ	white
C4932	ⲟⲩⲟⲃϣⲓ	white
C7	ⲁⲃⲱ, ⲁⲃⲟⲩ, ⲁⲃⲟⲟⲩⲉ	dragnet
C4927	ⲟⲩⲃⲉ	opposite, toward, against
C5179	ⲟⲩⲏⲧ	remission
C5178	ⲟⲩⲏⲧⲉ	remit, abandon
C5177	ⲟⲩⲏⲧⲉ	thunderstorm, calamity
C4966	ⲟⲩⲟⲉⲓⲧ	pillar
C5203	ⲟⲩⲱⲧⲃ	change/be changed, remove, pass through, transfer
C5249	ⲟⲑⲉ	footprint/trace , channel, outlet
C5247	ⲟⲩⲟⲧϩ	pouring thing, cup, bowl
C5241	ⲟⲩⲱⲧϩ	pour , cast , draw
C5248	ⲟⲩⲟⲧϩⲉ	pouring thing, cup, bowl
C5229	ⲟⲩⲧⲁϩ	fruit
C5218	ⲟⲩⲱⲧⲛ	pour
C5219	ⲟⲩⲱⲧⲛ	libation, offering
C5181	ⲟⲩⲉⲓⲧⲉ	waste away, dry up
C4835	ⲧⲟⲩϫⲟ, ⲟⲩϫⲁⲓ	make whole, make safe
C5349	ⲟⲩϫⲁⲓ	be whole, be intact, be safe, be sound
C5350	ⲟⲩϫⲁⲓ	health, safety, weal
C5351	ⲟⲩϫⲁⲓ	healthgiving
C5352	ⲟⲩϫⲁⲓ	farewell!
C4836	ⲧⲟⲩϫⲟ, ⲟⲩϫⲁⲓ	safety, salvation
C5345	ⲟⲩⲉⲓϫⲉ	slash, injury, wound
C5194	ⲟⲩⲱⲧⲉ	send, separated
C5225	ⲟⲩⲱⲧϥ, ⲟⲩⲱⲧⲃ	traverse, pierce
C5631	ⲱϥⲧ	nail, fix
C5294	ⲟⲩⲟϥ	lung
C5359	ⲟⲩⲱϭⲡ	break, be broken
C5360	ⲟⲩⲱϭⲡ	breakage, collapse
C5364	ⲟⲩⲱϭⲥ	collect
C5365	ⲟⲩⲱϭⲥ	contribution, collection
C5346	ⲟⲩⲁϭⲉ	blow
C4978	ⲟⲩⲉⲓⲕⲉ	be damaged
C4979	ⲟⲩⲟⲕⲓ	dregs of sesame
C5298	ⲟⲩⲓϩⲉ	be bitter, be cruel
C5299	ⲟⲩⲓϩⲉ	cruelty
C599	ⲃⲉϩⲃⲉϩ, ⲟⲩⲁϩⲃⲉϥ	howling, barking
C5325	ⲟⲩⲁϩⲃⲉϥ	bark, growl
C5335	ⲟⲩⲁϩⲙⲉ	what is added, storey , layer
C5336	ⲟⲩⲁϩⲙⲉϥ	answerer, interpreter
C3610	ⲟⲩⲁϩⲙⲥⲱⲛⲧ, ⲟⲩⲱϩⲙ	re-creation
C5326	ⲟⲩⲱϩⲙ	repeat, answer
C5327	ⲟⲩⲱϩⲙ	answer, objection, interpretation
C5339	ⲟⲩϩⲟⲣⲉ	dog
C5338	ⲟⲩϩⲟⲣ	dog
C5279	ⲟⲩⲁϣⲉⲣ	workshop, carpenter's workshop
C5296	ⲟⲩⲁϩⲉ	oasis
C5257	ⲟⲩⲱϣ	wish, desire, love
C5258	ⲟⲩⲱϣ	wish, desire, love
C5253	ⲟⲩϣⲏ	night
C5302	ⲟⲩⲟⲟϩⲉ	scorpion
C5321	ⲟⲩⲱϩⲉ	fisher
C5033	ⲟⲩⲙⲟⲧ	become thick, be thick
C5034	ⲟⲩⲙⲟⲧ	thickness
C5035	ⲟⲩⲟⲙⲧⲉ	tower
C4955	ⲟⲩⲟⲉⲓⲛ	light
C5064	ⲟⲩⲱⲛ, ⲁⲟⲩⲱⲛ	open, be open
C246	ⲁⲩⲱⲛ, ⲉⲩⲉⲛ, ⲁⲩⲉⲛ, ⲉⲟⲩⲉⲛ, ⲁⲩⲟⲩⲱⲛ, ⲁⲟⲩⲉⲛ, ⲁⲟⲩⲟⲛ, ⲁⲟⲩⲛ, ⲟⲩⲱⲛ	open!
C5087	ⲟⲩⲱⲛϩ	reveal, be revealed, appear
C5088	ⲟⲩⲱⲛϩ	revelation, declaration
C4672	ⲟⲩⲱⲛ	make to open
C5065	ⲟⲩⲱⲛ	opening
C5053	ⲟⲩⲁⲛ	dyke
C5055	ⲟⲩⲉⲓⲛⲉ	pass by
C5057	ⲟⲩⲟⲛ	someone, something
C5040	ⲟⲩⲛⲟⲩ	hour
C5040	ⲟⲩⲛⲟⲩ	hour
C5080	ⲟⲩⲛⲟϥ	rejoice
C5081	ⲟⲩⲛⲟϥ	joy, gladness
C5073	ⲟⲩⲛⲁⲙ	right hand
C5037	ⲟⲩⲟⲙϥ	manger
C5003	ⲟⲩⲱⲙ	eat, bite
C5004	ⲟⲩⲱⲙ	eating, food
C4318	ⲧⲙⲙⲟ, ⲟⲩⲱⲙ	feed, nourish
C4994	ⲟⲩⲱⲗⲡ	pierce, perforate, hollow
C5079	ⲟⲩⲱⲛϣ	Egyptian wolf
C934	ⲉⲓⲟⲡⲉ	craft, art, occupation
C5113	ⲟⲩⲏⲣ	how great, how many, how much?
C5110	ⲟⲩⲏⲣⲉ	great
C5148	ⲟⲩⲣⲉϩ	free space
C4993	ⲟⲩⲁⲗⲙⲉ	unknown meaning
C5131	ⲟⲩⲣⲁⲥ	staff, crutch
C4996	ⲟⲩⲱⲗⲥ	lean, be bent, be confounded
C4967	ⲟⲩⲟⲉⲓϣ	time, occasion
C5141	ⲟⲩⲣϣⲉ	watch, watch tower
C4968	ⲟⲩⲟⲉⲓϣⲉ	time, occasion
C5154	ⲟⲩⲉⲓⲥⲉ	saw
C765	ⲉϣⲟ, ϣⲟ, ϣⲁ	bran
C5255	ⲟⲩⲉϣⲉ	dirt particle
C5290	ⲟⲩⲟϣⲟⲩⲉϣ	strike, thresh
C5263	ⲟⲩⲱϣ	cleft, gap
C4705	ⲧⲁϣⲉⲟⲩⲱϣⲃ, ⲟⲩⲱϣⲃ	reply
C5269	ⲟⲩⲱϣⲃ	answer, respond, converse with
C5270	ⲟⲩⲱϣⲃ	answer
C5276	ⲟⲩϣⲁⲡ	loan
C5285	ⲟⲩⲱϣⲧ	worship, greet, kiss
C5286	ⲟⲩⲱϣⲧ	salutation, obeisance
C5289	ⲟⲩⲁϣⲧⲉ	worship
C5170	ⲟⲩⲱⲥϥ	be idle, be lazy, be brought to naught
C5173	ⲟⲩⲱⲥϥ	idleness, ceasing
C5284	ⲟⲩⲁϣⲥⲉ	breadth
C5280	ⲟⲩⲱϣⲥ	become broad, be broad, at ease
C5281	ⲟⲩⲱϣⲥ	breadth
C5161	ⲟⲩⲥⲓⲣⲉ	Osiris
C5273	ⲟⲩⲱϣⲙ	knead, bruise
C5274	ⲟⲩⲱϣⲙ	dough
C226	ⲁⲥⲏⲣ	belonging, chattel, provisions
C5163	ⲟⲩⲟⲥⲣ	oar
C1009	ⲓϣ	urine
C5166	ⲟⲩⲟⲥⲧⲛ	become broad
C5167	ⲟⲩⲟⲥⲧⲛ	breadth
C5223	ⲟⲩⲱⲧⲉⲛ	traverse, pierce
C5224	ⲟⲩⲱⲧⲉⲛ	pierced place, hole
C4948	ⲟⲩⲟⲉⲓⲉ	husbandman, cultivator
C4902	ⲟⲩⲉ	be distant
C4903	ⲟⲩⲉ	distance
C3196	ⲣⲁⲩⲏ	quarter , neighbourhood
C4163	ⲧⲟⲩⲓⲟ	repayment
C4935	ⲟⲩⲟⲓ	yes, surely
C4936	ⲟⲩⲟⲓ	woe!
C4937	ⲟⲩⲟⲓ	woe
C5188	ⲟⲩⲟⲧⲟⲩⲉⲧ	be/become green, be/become pallid
C5189	ⲟⲩⲟⲧⲟⲩⲉⲧ	greenness, herbs, pallor
C5183	ⲟⲩⲱⲧ	be raw, be fresh, be green
C240	ⲁⲩⲱ, ⲁⲟⲩⲱ, ⲁⲩⲁ, ⲁⲟⲩ, ⲁⲩ, ⲁⲩⲟⲩ, ⲱ, ⲟⲩⲱϩ	and
C5295	ⲟⲩⲁϩ	pole, stick
C2	ⲁ, ⲁϩ	Verbalpräfix Perfekt I
C280	ⲁϩ, ⲁϩⲁ, ϩⲁ	Verbalpräfix Perfekt I
C282	ⲁϩ, ⲁϩⲁ, ⲁϣ, ⲉⲣ	perfektives Relativpräfix
C281	ⲁϩⲁ, ⲛⲧⲁ	Verbalpräfix Perfekt II
C240	ⲁⲩⲱ, ⲁⲟⲩⲱ, ⲁⲩⲁ, ⲁⲟⲩ, ⲁⲩ, ⲁⲩⲟⲩ, ⲱ, ⲟⲩⲱϩ	and
C5304	ⲟⲩⲱϩ	put, place, add
C5305	ⲟⲩⲱϩ	standing-place, dwelling-place
C4761	ⲧⲟⲩϩⲟ, ⲟⲩⲱϩ	add
C4762	ⲧⲟⲩϩⲟ, ⲟⲩⲱϩ	addition
C4904	ⲟⲩⲱ	cease, stay, finish
C5144	ⲟⲩⲱⲣϩ	be open, be free
C53	ⲁⲗⲱ, ⲉⲗⲱ, ⲁⲗⲟⲟⲩⲉ, ⲉⲗⲟⲟⲩⲉ	rope, snare, trap
C4988	ⲟⲩⲗⲗⲉ	melody, music
C4880	ⲟⲩ	a
C4894	ⲟⲩⲁ	one, someone
C4895	ⲟⲩⲁ	one, someone
C4896	ⲟⲩⲁ	one, someone
C5190	ⲟⲩⲱⲧ	single, alone, any, one and same
C5102	ⲟⲩⲏⲏⲃ	priester
C4099	ⲧⲃⲃⲟ, ⲟⲩⲟⲡ	become pure, be pure
C5096	ⲟⲩⲟⲡ	be pure, be innocent
C5097	ⲟⲩⲟⲡ	purity
C4100	ⲧⲃⲃⲟ, ⲟⲩⲟⲡ	purity, purification
C5139	ⲟⲩⲉⲣⲏⲧⲉ	foot
C819	ⲑⲟⲩⲉⲗⲟ, ⲧⲟⲩⲗⲟ, ⲟⲩⲱⲱⲗⲉ	overflow, submerge
C4982	ⲟⲩⲱⲱⲗⲉ	flow
C4983	ⲟⲩⲱⲱⲗⲉ	prosperity, plenty
C4884	ⲟⲩⲁ	blasphemy
C895	ⲉⲓⲟⲙ	sea
C773	ⲉϩⲉ, ϩⲉ, ⲉⲓⲉ	answers question affirmatively: yea
C868	ⲉⲓⲉ	well then, surely
C3599	ⲥⲁⲛⲛⲉϩ	grasshopper
C238	ⲁⲩ, ⲁⲩⲉ, ⲁⲩⲉⲓ, ⲁⲩⲉⲓⲥ, ⲁⲩⲓⲥ	give, bring hither!
C5589	ⲱⲟⲩ	be long
C5593	ⲱⲟⲩ	length
C783	ⲏⲓ	house
C789	ⲏⲓ	pair, couple
C800	ⲏⲟⲩ	limbs
C639	ⲉⲃⲟⲧ	month
C4948	ⲟⲩⲟⲉⲓⲉ	husbandman, cultivator
C19	ⲁⲓⲁⲓ, ⲟ	increase , advance
C20	ⲁⲓⲁⲓ	be great, goodly, honoured
C21	ⲁⲓⲁⲓ	increase, growth
C121	ⲁⲛ	great one
C236	ⲁⲧⲟ, ⲁⲧⲁ, ⲑⲟ, ⲧⲟ, ⲁⲧⲉ	multitude
C1005	ⲉⲓⲁⲁⲩ	linen
C1783	ⲙⲁⲓⲏ, ⲙⲁⲏ	size, age, kind
C3274	ⲥⲁ, ⲛⲉⲥⲉ	be beautiful
C3275	ⲥⲁ	beauty
C2734	ⲟ, ⲱ	great
C22	ⲁⲉⲓⲏⲥ	greatness, size, quality
C3276	ⲥⲁⲉⲓⲉ	beautiful person
C3277	ⲥⲁⲉⲓⲉ	beautiful person
C3278	ⲥⲁⲉⲓⲉ	beautiful
C6	ⲁⲃⲉ	strap, chain
C303	ⲁϭⲃⲉⲥ, ⲁⲧⲃⲉⲥ, ⲱϭⲃ	moisture
C5668	ⲟϭⲃⲥ, ⲁϭⲃⲉⲥ	cold
C5666	ⲱϭⲃ	be, become cold/frozen
C5667	ⲱϭⲃ	cold, frost
C5639	ⲱϩ	woe!
C305	ⲁϭⲛⲓ, ⲁϫⲛⲓ, ⲱϫⲛ	blemish, stain
C306	ⲁϭⲛⲓ, ⲁϫⲛⲓ, ⲱϫⲛ	blemish, stain
C5661	ⲱϫⲛ	cease, perish
C5662	ⲱϫⲛ	ceasing, destruction
C1028	ⲓϧ, ⲓϩ, ⲁϧ	demon
C5633	ⲓϥⲧ	nail, spike
C5444	ⲱⲗ	rag
C304	ⲁϭⲟⲗⲧⲉ, ⲁⲕⲟⲗⲧⲉ, ⲁϭⲁⲗⲧⲉ, ⲁϭⲟⲗϯ, ⲁϫⲟⲗϯ	wagon, cart
C5426	ⲱⲃⲧ	goose
C29	ⲁⲕⲱ, ⲧⲁⲕⲟ	decay, loss, destruction
C4177	ⲧⲁⲕⲟ, ⲁⲕⲱ	destroy, lose
C4178	ⲧⲁⲕⲟ, ⲁⲕⲱ	destruction, perdition
C799	ⲏⲥⲉ	the goddess Isis
C988	ⲓⲱⲥ	hasten, be urgent
C991	ⲓⲱⲥ, ⲓⲏⲥ	speed, diligence
C284	ⲁϩⲉ, ⲁϩⲓ, ⲉϩⲓ, ⲱⲛϧ	length, limit of life
C291	ⲁϩⲟ, ⲉϩⲟ, ⲉϩⲱ, ϩⲟ, ⲁϩⲁ, ⲁϩⲟⲣ, ⲁϩⲱⲱⲣ, ⲉϩⲱⲣ, ⲁϩⲱⲣ	treasure
C293	ⲁϩⲟ	dwelling, abode
C322	ⲃⲏ, ⲃⲓ, ⲙϩⲁⲁⲩ	grave
C2325	ⲙϩⲁⲁⲩ	tomb, cavern
C3957	ⲥⲟⲟϩⲉ, ⲱϩⲉ	be set up, upright
C3958	ⲥⲟⲟϩⲉ	setting up, uprightness
C5640	ⲱϩⲉ	stand, stay, wait
C5558	ⲱⲣϣ	be scorched, be inflamed
C898	ⲉⲙⲓ, ⲓⲙⲓ	knowledge
C4286	ⲧⲁⲙⲟ, ⲉⲓⲙⲉ	tell, make know, inform
C4287	ⲧⲁⲙⲟ, ⲉⲓⲙⲉ	thing told
C897	ⲉⲓⲙⲉ	know, understand
C5581	ⲉⲧⲡⲱ	burden
C5580	ⲱⲧⲡ	be laden
C12	ⲁⲃⲣⲉⲙ, ⲁⲙⲣⲉ	baked bread
C103	ⲁⲙⲣⲉ, ⲁⲙⲣⲏ, ⲁⲙⲗⲏ, ⲁⲙⲣⲏⲩ, ⲁⲙⲣⲏⲟⲩ	baker
C2746	ⲟⲙⲉ, ⲟⲙⲓ, ⲁⲙ	clay, mud
C2747	ⲟⲙⲉ, ⲟⲙⲓ, ⲁⲙ	clay, mud
C126	ⲁⲛⲁⲓ, ⲁⲛⲉⲓ, ⲁⲛⲓⲧ, ⲛⲁⲛⲟⲩ	be pleasing, pleasent, grow better
C127	ⲁⲛⲁⲓ	beauty
C4336	ⲧⲁⲛⲟ	make
C4572	ⲧⲥⲁⲙⲓⲟ, ⲧⲥⲁⲛⲟ	arrange, order, adorn
C4573	ⲧⲥⲁⲛⲟ, ⲥⲁⲉⲓⲉ	adorn, set in order, provide
C932	ⲉⲓⲛⲉ	thumb; great toe
C2754	ⲟⲛ, ⲁⲛ	again, also, still
C66	ⲁⲗⲟⲙ, ⲱⲗⲙ	bosom
C662	ⲉⲗⲁⲙ	a measure or quantity
C5471	ⲱⲗⲙ, ⲁⲗⲟⲙ	clasp, embrace, entwine
C56	ⲁⲗⲟⲕ, ⲁⲗⲟϭ	corner, angle
C78	ⲁⲗⲟϭ, ⲁⲗⲟϫ, ⲱⲗⲕ	thigh
C79	ⲁⲗⲟϭ, ⲁⲗⲟϫ, ⲱⲗⲕ	thigh
C682	ⲉⲛϩ, ⲛϩ, ⲛⲟϩ	eyebrow
C2643	ⲛⲟϩ, ⲉⲛϩ	eyelid
C154	ⲁⲛⲁϣ, ⲁⲛⲉϣ, ⲁⲛⲏϣ, ⲁⲛⲁⳉ, ⲉⲛⲁϣ, ⲁⲛⲁⲩϣ, ⲁⲛⲏⲩϣ	oath
C158	ⲁⲛⲁϣ, ⲁⲛⲏϣ	bunch of flowers
C5507	ⲟⲛϣⲥ	astonishment, derangement of mind
C5503	ⲱⲛϣ	be astonished, be dazed
C5504	ⲱⲛϣ	astonishment
C3629	ⲥⲁⲁⲛϣ	make live, be alive
C3630	ⲥⲁⲁⲛϣ	nourishment
C4383	ⲧⲁⲛϩⲟ, ⲱⲛϩ	make alive, keep alive
C4384	ⲧⲁⲛϩⲟ, ⲱⲛϩ	keeping alive, saving
C284	ⲁϩⲉ, ⲁϩⲓ, ⲉϩⲓ, ⲱⲛϧ	length, limit of life
C5472	ⲱⲙⲕ	swallow
C697	ⲉⲡϣⲉ	a beetle
C24	ⲁⲉⲓⲕ, ⲁⲓⲕ, ⲱⲕ	consecration
C2740	ⲟⲉⲓⲕ	bread, loaf
C5438	ⲱⲕ	sink
C36	ⲁⲗ, ⲁⲗⲱⲗⲉ	pebble
C64	ⲁⲗⲱⲗⲉ, ⲁⲗ	pebble
C61	ⲁⲗⲓⲗ, ⲁⲗⲓⲗⲓ, ⲉⲙⲓⲙ	field mouse, mole
C37	ⲁⲗⲉ, ⲁⲗⲏⲓ, ⲁⲗⲏ, ⲁⲗⲟ, ⲁⲗⲓ, ⲁⲗⲏⲩ, ⲱⲗ	mount, go up
C4168	ⲧⲟⲓⲗⲉ, ⲧⲁⲗⲟ	rise up
C4245	ⲧⲁⲗⲟ, ⲱⲗ	lift, offer up, set on
C4246	ⲧⲁⲗⲟ	raising up, offering
C5463	ⲟⲗⲥ	what is collected
C5445	ⲱⲗ	hold, contain, enclose
C5459	ⲱⲗ	gathering, harvest
C5560	ⲱⲣϫ	be firm, be secure, be fastened
C5561	ⲱⲣϫ	firmness, assurance, deed of security
C5562	ⲱⲣϫ	firm, secure
C54	ⲁⲗⲕⲉ	last day of month
C56	ⲁⲗⲟⲕ, ⲁⲗⲟϭ	corner, angle
C5470	ⲟⲗⲕⲥ	bend, corner
C7679	ϭⲟⲟⲗⲉⲥ	thigh
C4492	ⲧⲁⲣⲕⲟ, ⲱⲣⲕ	make swear, adjure
C78	ⲁⲗⲟϭ, ⲁⲗⲟϫ, ⲱⲗⲕ	thigh
C5465	ⲱⲗⲕ, ⲁⲗⲟⲕ	become, be bent, be distorted
C5548	ⲱⲣⲕ	swear , invoke
C5553	ⲱⲣⲕ	swearing
C202	ⲁⲣϣⲓⲛ, ⲉⲣϣⲓⲛ, ⲉⲣϣⲁⲛ	lentil
C203	ⲁⲣϣⲁⲛ	lentigo
C2766	ⲟⲉⲓϣ, ⲱϣ	cry
C295	ⲁϩⲟⲙ, ⲉϩⲁⲙ, ⲁϩⲁⲙ, ⲉϩⲟⲙ, ⲱϣ	sigh, groan
C5595	ⲱϣ	cry, announce, sound
C5601	ⲱϣ	reading
C255	ⲁϣⲁⲓ, ⲁϣⲉⲓ, ⲁϣⲏⲉⲓ, ⲁϣⲉⲓⲧⲉ, ⲁϣⲏⲓⲧⲉ, ⲧⲁϣⲟ	become many, multiply
C257	ⲁϣⲁⲓ, ⲁϣⲉⲓ, ⲁϣⲏⲓ, ⲁϣⲉⲓⲧⲉ	multitude, amount
C261	ⲁϣⲏ, ⲁϣⲉ, ⲁϣⲏⲓ	multitude
C4703	ⲧⲁϣⲟ, ⲁϣⲁⲓ	increase
C262	ⲁϣⲓⲣⲁ	chameleon
C3840	ⲥⲧⲱⲧ	tremble
C3841	ⲥⲧⲱⲧ	trembling
C2575	ⲛⲧⲏϭ, ⲧⲱϭⲉ	plant, herb, weed
C2339	ⲙⲟϫϩ	girdle
C2137	ⲙⲟⲧⲛ	health, ease
C2140	ⲙⲟⲩⲧⲛ	rest, set at rest
C2138	ⲙⲟⲧⲛⲉⲥ, ⲙⲁⲧⲛⲉⲥ	ease, contentment
C2122	ⲙⲧⲟⲛ	be at rest, at ease, be relieved
C2123	ⲙⲧⲟⲛ	easy, hale, satisfied
C2129	ⲙⲧⲟⲛ	rest, ease, relief
C3764	ⲥⲁⲧⲱ, ⲥⲁⲧⲟ	fan
C3763	ⲥⲁⲧⲉ	fan
C2330	ⲙⲁⲁϫⲉ	a measure of grain, fruit etc.
C2331	ⲙⲁϫⲉ	chisel, axe, pick
C5609	ⲁϣϭⲁⲡ, ϣϭⲁⲡ	cry
C6254	ϣϭⲁⲡ	cry, sound
C1615	ϣⲥⲛⲗⲱⲕⲥ, ϣⲥⲛⲗⲱϭⲥ, ϣⲥⲛⲗⲟⲩⲝ, ⲥⲁϣ	piercing blow, stab
C3905	ⲥⲁϣ	stroke, blow, sore
C3906	ⲥⲁϣ	stroke, blow, sore
C3903	ⲥⲱϣ	strike
C3899	ⲥⲓϣⲉ	be like gall, bitter
C3900	ⲥⲓϣⲉ	bitterness
C3920	ⲥⲱϣⲉ	field, meadow, country
C3970	ⲥⲁϩⲧ, ⲥⲁϣⲧ	weaver
C3965	ⲥⲱϩⲉ	weave
C3966	ⲥⲱϩⲉ, ⲥⲱϩⲧ, ⲥⲱϣⲉ	weaving, weaver's craft, weaver
C6129	ϣϯⲧ	weaver
C3981	ⲥⲁϩ	writer, teacher, master
C3982	ⲥⲁϩ	writer, teacher, master
C3983	ⲥϧⲓ	written copy, diploma
C3972	ⲥϩⲁⲓ	write
C3976	ⲥϩⲁⲓ	writing, letter
C3963	ⲥⲱϩ	deaf person
C3999	ⲥⲱϩⲡ	sink in, be swallowed
C4001	ⲥⲓϩⲡⲉ	drop
C684	ⲉⲛⲉϩ, ⲉⲛⲏϩⲉ, ⲁⲛⲏϩⲉ	eternity
C685	ⲉⲛⲉϩ, ⲉⲛⲏϩⲉ, ⲁⲛⲏϩⲉ	eternal
C686	ⲉⲛⲉϩ, ⲉⲛⲏϩⲉ, ⲁⲛⲏϩⲉ	for ever, eternally, ever
C2662	ⲛⲟⲩϩⲙ	be saved, safe, escape
C2663	ⲛⲟⲩϩⲙ	safety
C3898	ⲥⲁⲭⲙⲓ	Sakhmet
C3398	ⲥⲟⲉⲓϣ	pair , partner, twin
C3400	ⲥⲟⲉⲓϣ	pair, copulate, fertilise
C6077	ϣⲥⲛⲉ	stroke of time
C2667	ⲛⲉϩⲡⲉ	mourn
C2668	ⲛⲉϩⲡⲉ	mourning
C2671	ⲛϩⲟⲩⲣ	tremble
C2672	ⲛϩⲟⲩⲣ	shuddering, fear
C718	ⲉⲣϣⲓϣⲓ, ϣⲓϣⲓ	have power, authority
C2674	ⲛⲉϩⲥⲉ	awake, arise
C4388	ⲛⲉϩⲥⲉ	arouse
C2676	ⲛⲁϩⲧⲉ, ⲧⲁⲛϩⲟⲩⲧ	trust, believe
C2677	ⲛⲁϩⲧⲉ, ⲧⲁⲛϩⲟⲩⲧ	trustworthy, faithful
C2678	ⲛⲁϩⲧⲉ	trust, faith
C3245	ⲣⲱϩⲧ	strike, be struck, fall
C3246	ⲣⲱϩⲧ	stroke, blow
C3928	ⲥⲱϣⲧ	stop, be impeded, hindered from
C3930	ϣⲟϣⲧ	key
C2619	ⲛⲁϣⲧⲉ	strength
C2620	ⲛⲁϣⲧⲉ	strength
C2622	ⲛⲉϣⲧⲉ	hard, rough person
C2611	ⲛⲟⲩϣⲧ, ⲛⲟⲩⳉⲧ	become heavy, hard
C2612	ⲛⲟⲩϣⲧ	strength, violence
C1853	ⲛⲁϣⲧⲙⲁⲕϩ, ⲛϣⲟⲧ	stiff-necked person
C2613	ⲛϣⲟⲧ	be hard, strong, difficult
C2614	ⲛϣⲟⲧ	hardness, boldness
C3952	ⲥⲓϩⲉ, ⲥⲟⲟϩⲉ	be removed, displaced
C3447	ⲥⲉⲕⲥⲓⲕ	sunny place, room
C3423	ⲥⲓⲕⲉ	grind, pound
C3426	ⲥⲓⲕⲉ	grinding
C3408	ⲥⲱⲕ, ⲥⲟⲕⲥⲉⲕ	flow , blow , move on swiftly, glide, draw, be       drawn
C3417	ⲥⲱⲕ	drawing, attraction
C2452	ⲛⲕⲁ	thing
C3503	ⲥⲗⲟϭⲗϭ, ⲗⲟⲕⲗⲕ	be, make smooth
C3504	ⲥⲗⲟϭⲗϭ	smoothness
C3429	ⲥⲕⲁⲓ	plough
C2450	ⲛⲁⲁⲕⲉ	pains of travail
C3525	ⲥⲓⲙ	grass, fodder, herbs
C3526	ⲥⲙⲉ	herbs
C3509	ⲥⲙⲏ	voice , sound
C3510	ⲥⲙⲏ	famed
C3531	ⲥⲙⲙⲉ, ⲥⲙⲏ	appeal, make application
C3533	ⲥⲙⲙⲉ	petition, accusation
C3557	ⲥⲙⲟⲧ	form, character, likeness, pattern
C3558	ⲥⲙⲟⲧ	form, character, likeness, pattern
C3565	ⲥⲟⲛⲧϥ	stretching
C3564	ⲥⲱⲙⲧ, ⲥⲱⲛⲧ	be stretched, wait
C3567	ⲥⲙⲁϩ	bunch
C3568	ⲥⲙⲉϩ	herb
C3115	ⲣⲙϩⲉ	free person
C3116	ⲣⲙϩⲏ	free person
C1781	ⲙⲁ, ϯ	give
C2192	ⲙⲟⲩⲟⲩⲧ, ⲙⲟⲩⲧ	kill
C1809	ⲙⲟⲩ	die
C1810	ⲙⲟⲩ	death
C1811	ⲙⲟⲩ	deadly
C3566	ⲥⲙⲁⲩ	temples
C3519	ⲥⲙⲟⲩ	bless, praise, thank
C3520	ⲥⲙⲟⲩ	blessing, praise
C3573	ⲥⲏⲛⲉ	granary, bin
C3642	ⲥⲛⲟⲩϥ	last year
C161	ⲁⲛϩ, ⲟⲛϩ	yard, court
C3647	ⲥⲛⲁϩ, ⲥⲛⲁⲩϩ	bond, fetter
C3643	ⲥⲱⲛϩ	be bound, fettered
C3644	ⲥⲱⲛϩ	bound, fetter
C3594	ⲥⲱⲛⲕ, ⲧⲥⲛⲕⲟ	suck
C4578	ⲧⲥⲛⲕⲟ, ⲥⲱⲛⲕ	give suck, breast-feed, suckle
C2598	ⲛⲟⲉⲓϣ	spleen
C2506	ⲛⲉⲛⲉⲃⲉ, ⲛⲉⲛⲉⲉⲃ	styrax
C3364	ⲥⲓⲃⲧ	hill
C3366	ⲥⲟⲃⲧⲉ	become, be ready, prepare, set in order
C3367	ⲥⲟⲃⲧⲉ	preparation, things prepared, furniture
C2507	ⲛⲁⲡⲛⲉ, ⲛⲉⲡⲛⲉ, ⲛⲁⲡⲣⲉ	grain
C2508	ⲛⲁⲡⲣⲉ, ⲛⲁⲡⲛⲉ	grain, seed
C3428	ⲥⲁⲕⲃⲓ	pour water
C649	ⲉⲗⲕⲱ	fruit of sycamore
C2389	ⲛⲉⲓ, ⲛⲏⲓ, ⲛⲉⲉ	time
C3037	ⲣⲓ	cell, room
C3723	ⲥⲣⲓⲧ	glean, plunder
C3732	ⲥⲣϥⲉ	be at leisure, unoccupied
C3735	ⲥⲣϥⲉ, ⲥⲣⲱϥⲧ, ⲥⲏⲣϥⲓ	leisure, perseverance
C3499	ⲥⲱⲗϭ	smooth, smear, anoint
C3703	ⲥⲟⲣⲙ	lees, dregs
C5864	ϣⲗⲓϭ	sharpened thing, spike
C2519	ⲛⲏⲥⲉ	bench, seat
C1682	ⲗⲉⲯⲉ, ⲗⲉⲡⲥⲉ, ⲗⲓⲯⲉ	fragment, small portion
C3798	ⲥⲁⲧⲃⲉ, ⲥⲉⲧⲃⲉ, ⲥⲁⲑⲙⲓ	chew, ruminate
C6241	ϣⲱϫⲡ	be over, remain over, leave behind
C6242	ϣⲱϫⲡ	remainder
C3470	ⲥⲗⲡⲉ	strip
C3466	ⲥⲱⲗⲡ	break, burst
C3613	ⲥⲛⲧⲉ	foundation
C3606	ⲥⲱⲛⲧ	be created
C3607	ⲥⲱⲛⲧ	creature, creation
C2535	ⲛⲟⲩⲧⲉ	god
C2538	ⲛⲟⲩⲧⲉ	godly, divine
C2536	ⲛⲧⲱⲣⲉ	goddess
C3605	ⲥⲟⲛⲧⲉ	resin
C2603	ⲛⲟⲩϣⲡ	blow
C2604	ⲛⲟⲩϣⲡ	fright
C6002	ϣⲱⲡⲉ	cucumber, gourd
C6003	ϣⲱⲡⲉ	cucumber, gourd
C5982	ϣⲱⲡ	moment, instant
C1612	ⲗⲱⲕⲥ, ⲗⲱϭⲥ, ⲗⲟⲩⲝ	bite, pierce
C1616	ⲗⲱⲕⲥ, ⲗⲱϭⲥ, ⲗⲟⲩⲝ	bite
C2513	ⲛⲟⲩⲣⲥ	destroy
C5821	ϣⲗⲏⲗ	pray
C5822	ϣⲗⲏⲗ	prayer
C1697	ⲗⲱⲱⲥ, ⲗⲱⲥ	be bruised, crushed
C2054	ⲉⲙⲥⲱⲃⲉ, ⲙⲥⲱⲡⲉ	large needle
C5675	x	to, toward
C5676	ϣⲁ	begin
C5675	ϣⲁ	to, toward
C3766	ⲥⲏⲧ	the god Seth
C1710	ⲗⲁⲁⲩ, ⲗⲁⲩ	a textile material
C2589	ⲛⲁⲩ	hour, time
C2593	ⲛⲁⲩⲓ	spear
C2529	ⲛⲟⲩⲧ	gathering of waters, pool
C2595	ⲛⲱⲟⲩϯ	swaddeling bands
C2596	ⲛⲟⲩϩ, ⲛⲟⲩⲟⲩϩ, ⲛⲟⲩϩⲟⲩ	turn, return
C3873	ⲥⲟⲩⲏⲛ	well known, famous person
C3387	ⲥⲁⲉⲓⲛ	physician
C3388	ⲥⲁⲉⲓⲛ	physician
C3871	ⲥⲟⲟⲩⲛ	know
C3872	ⲥⲟⲟⲩⲛ	knowledge
C2371	ⲛⲁ, ⲛⲟⲩ	go
C2381	ⲛⲁ	verbal prefix of fut. I and II
C2356	ⲛⲁ	have pity, mercy
C2357	ⲛⲁ	pity, charity
C2367	ⲛⲁⲏⲧ, ⲛⲁϩⲏⲧ	pitiful of heart, compassionate
C2383	ⲛⲁⲉⲓⲱ	peg, stake
C2371	ⲛⲁ, ⲛⲟⲩ	go
C2395	ⲛⲟⲩ, ⲛⲁ	go
C4083	ⲧⲱⲃⲉ	name of 5th month
C2685	ⲛⲟⲩϫ, ⲟϫⲓ	lying, false
C2686	ⲛⲟⲩϫ	liar
C2687	ⲛⲟⲩϫ	liar
C2307	ⲙⲟⲉⲓϩⲉ, ⲙⲟⲓϩⲉ	wonder
C2308	ⲙⲟⲉⲓϩⲉ, ⲙⲟⲓϩⲉ	wonder
C2195	ⲙⲁϣⲉ	balance
C2196	ⲙⲁϣⲉ	balance
C4359	ⲧⲛⲛⲟ	pound, tread down
C4360	ⲧⲛⲛⲟ	breaking, contrition
C5444	ⲱⲗ	rag
C18	ⲁⲓⲃⲉ	stamp, stain
C607	ⲃⲓϫⲓ, ⲃⲓϭⲉ	be wrecked
C454	ⲃⲁⲗⲟⲧ, ⲃⲁⲗⲁⲧ, ⲙⲁⲗⲗⲱⲧ	skin garment
C492	ⲃⲟⲛⲧⲉ	gourd, cucumber
C483	ⲃⲁⲛⲕ	a bird
C7419	ϫⲧⲁϩ	prison
C4302	ⲧⲱⲙ	be sharp
C4290	ϯⲙⲉ	village
C4403	ⲧⲁⲡ	horn
C4407	ⲧⲁⲡ	trap
C7219	ϫⲱⲱⲙⲉ	sheet or roll of papyrus, written document, book, parchment
C7220	ϫⲱⲱⲙⲉ	made of papyrus
C4337	ⲧⲏⲛⲉ	dam, dyke
C4066	ⲧⲟⲉ	part, share
C7245	ϫⲛⲉ	beet
C7265	ϫⲛⲟⲟⲩ	threshing floor
C4107	ⲧⲃⲏⲗ	fold for sheep
C4121	ⲧⲁⲃⲓⲣ	sanctuary
C739	ⲉⲧⲃⲉ	because of, concerning
C7326	ϫⲏⲣⲓ	filth, dirt
C7148	ϫⲁⲗ, ⲗⲁϫⲁⲗ	branch
C4142	ⲧⲟⲟⲃⲉϥ	foliage
C4075	ⲧⲃⲁ	ten thousand
C4855	ϯϭⲉ	gourd
C4590	ⲧⲁⲧ	djed pillar
C7408	ϫⲁⲧⲉ	advance in age, grow up
C7412	ϫⲧⲁⲓ, ϫⲁⲧⲉ	ripen
C7466	ϫⲟϥϫϥ, ϫⲟⲩϥ	burn
C7467	ϫⲟϥϫϥ	burning
C7812	ϭⲓⲛϭⲗⲱ	bat
C4434	ⲧⲣⲉ	kite
C4435	ⲧⲣⲉ	kite
C7416	ϫⲁⲧⲙⲉ	heap
C4453	ⲧⲱⲣⲉ	hand
C7636	ϭⲗⲏ	scorpion
C4115	ⲧⲃⲏⲣ	blow with foot
C7472	ϫⲱϩ	touch
C7473	ϫⲱϩ	touch
C7476	ϫⲱϩ	smear, anoint
C7477	ϫⲱϩ	application
C4814	ⲧⲉϩⲛⲉ	forehead
C7434	ϫⲟⲟⲩⲧ	base, rejected person or thing
C7435	ϫⲟⲟⲩⲧ	base, inferior, worthless, impure
C4358	ⲧⲱⲛⲟⲩ	very, greatly, certainly
C7208	ϫⲗⲁϩⲧⲥ	deep pit
C4827	ⲧⲁϩⲧ	lead
C4763	ⲧⲱϩ	chaff
C7741	ϭⲟⲙϭⲙ, ϭⲓⲛⲉ	touch, grope
C7742	ϭⲟⲙϭⲙ	sense of touch
C7976	ϭⲱϣ, ϫⲉϫⲥ	pour forth, pour, melt
C7977	ϭⲱϣ	pouring, casting
C6446	ϩⲃⲱ	covering, tent
C6952	ϩϯⲧ	beet, onion
C6205	ϣⲟϥϣϥ	spread, burrow
C6172	ϣⲱϣ	scatter, spread
C6616	ϩⲏⲙⲉ	fare, freight
C6748	ϩⲡⲟⲧ	fathom
C6935	ϩⲱⲧⲡ	join, attune, be reconciled, sink
C6936	ϩⲱⲧⲡ	joint, joining, reconciliation
C4737	ⲧϩⲟ, ϩⲟⲟⲩ	be bad
C6971	ϩⲟⲟⲩ	be bad, wicked
C6849	ϩⲱⲥ	be blocked, filled, covered up
C6354	ϩⲉ	fall
C6358	ϩⲉ	fall, destruction
C6385	ϩⲏ, ϩⲉ, ϩⲓ, ϩ	season
C6991	ϩⲟⲩⲏⲧ	sailor, passenger
C5714	ϣⲓ	measure, weight
C5723	ϣⲓ	area, circumference, boundary, corner
C6917	ϩⲧⲏ	shaft of spear
C6869	ϩⲏⲧ	heart, mind
C6973	ϩⲱⲟⲩ	rain
C6974	ϩⲱⲟⲩ	rain, moisture
C691	ⲉⲡⲏⲡ	name of 11th month
C2069	ⲙⲏⲧ	ten
C2070	ⲙⲏⲧⲉ	ten
C2020	ⲙⲣⲱϣⲉ, ⲙⲣⲱϩⲉ	a vessel
C2028	ⲙⲣⲱϩⲉ, ⲙⲣⲱϣⲉ	a vessel
C2258	ⲙϣⲓⲣ, ⲉⲙϣⲓⲣ, ⲙⲉϣⲓⲣ	name of the 6th month
C1900	ⲙⲁⲛ	a certain
C153	ⲁⲛⲁⲩ, ⲁⲛⲉⲩ, ⲉⲛⲉⲩ, ⲉⲛⲁⲩ, ⲉⲛⲟ, ⲛⲁⲩ	look!
C2578	ⲛⲁⲩ	look, behold
C2584	ⲛⲁⲩ	sight, view, vision
C3836	ⲥⲱⲧⲣ	be turned, twisted
C7973	ϭⲟⲟⲩⲣⲉ	slave
C3760	ⲥⲁⲧ	tail
C3762	ⲥⲁⲧⲉ	fire
C3544	ⲥⲙⲟⲩⲛⲉ	Nile goose
C5909	ϣⲙϣⲉ	serve, worship
C5910	ϣⲙϣⲉ	service, worship
C5914	ϣⲙϣⲓⲧ	servant
C5880	ϣⲟⲙ	father-, son-in-law
C5949	ϣⲉⲛⲏⲧ	a fish, a type of shark
C3582	ⲥⲟⲛⲉ	robber
C5704	ϣⲉ	hundred
C5705	ϣⲏⲧ	two hundred
C5936	ϣⲱⲛⲉ	be sick, weak
C5937	ϣⲱⲛⲉ	sickness, disease
C3655	ⲥⲟⲡ	occasion, time , turn, round
C5917	ϣⲏⲛ	tree
C490	ϣⲛⲃⲛⲛⲉ, ϣⲛ	palm-fibre
C5947	ϣⲛⲏ	garden
C5922	ϣⲓⲛⲉ	seek, ask
C5926	ϣⲓⲛⲉ	inquiry
C5945	ϣⲛⲉ	net
C6005	ϣⲡⲟⲛⲟⲩ	girl
C552	ⲃⲏⲧⲥⲡⲓⲣ, ⲥⲡⲓⲣ	rib
C3675	ⲥⲡⲓⲣ	rib, side
C3637	ⲥⲛⲟϥ	blood
C5986	ϣⲓⲡⲉ	be ashamed, shame, make ashamed
C5987	ϣⲓⲡⲉ	shame
C5790	ϣⲕⲓⲗ	curl, lock of hair
C3390	ⲥⲓⲟⲩⲣ	eunuch
C3687	ⲥⲓⲣ	hair, line, stripe
C489	ⲥⲣⲃⲛⲛⲉ, ⲥⲉⲣⲃⲉⲛⲓ, ⲥⲟⲩⲣⲉ	palm-thorn
C3690	ⲥⲟⲩⲣⲉ	thorn, spike, dart
C3381	ⲥⲟⲓ	beam
C3382	ⲥⲟⲓ	beam
C3384	ⲥⲟⲓ	among trees , pillar
C3380	ⲥⲟⲓ, ⲥⲁ	back
C3755	ⲥⲱⲥ	be thrown down, upset
C882	ⲉⲓⲃ	hoof
C324	ⲃⲁⲁⲃⲉ, ⲃⲁⲃⲉ, ⲃⲁⲃⲱ, ⲃⲁⲃⲱⲱ, ⲃⲁⲃⲟⲧ	be insipid, foolish
C5637	ⲱϧⲧ	drip, trickle
C5436	ⲃϣⲉ	forgetfulness, carelessness, sleep
C5427	ⲱⲃϣ	forget
C5428	ⲱⲃϣ	forgetfulness
C6744	ϩⲱⲡ	horn
C876	ⲉⲓⲱ	ass
C877	ⲉⲓⲱ	ass
C1588	ⲗⲱⲃϣ	be hot, glow
C1589	ⲗⲱⲃϣ	glow
C738	ⲉⲁⲧ	end, farthest part
C82	ⲁⲙⲉ, ⲁⲙⲏ, ⲁⲙⲏⲩⲉ, ⲁⲙⲏⲩ, ⲁⲙⲏⲟⲩ, ⲁⲙⲁⲩⲉⲓ	herdsman
C4833	ⲧⲁϫⲟ, ⲟϫⲓ	judge, condemn
C4834	ⲧⲁϫⲟ, ⲟϫⲓ	judgement
C249	ⲁⲫⲱⲫ, ⲁⲫⲱⲡ, ⲁⲫⲟⲫⲓ, ⲁⲫⲟⲡⲓ	giant
C5571	ⲱⲧ	fat
C80	ⲁⲁⲙ	a drug, medical plant
C1029	ⲉⲓⲱϩⲉ	field
C270	ⲁϥ, ⲁⲁϥ, ⲁⲃ, ⲉϥ	fly, insect
C271	ⲁϥ, ⲁⲁϥ, ⲁⲃ, ⲉϥ	fly, insect
C312	ⲁϭⲟⲛ, ⲁϭⲁⲛ	stand for a jar
C33	ⲁⲕⲏⲥ	breeches
C252	ⲁϣ	furnace, oven
C1010	ⲉⲓϣⲉ	hang, suspend
C1016	ⲉⲓϣⲉ	be hung, depend
C5619	ⲱϣⲓ, ⲉⲓϣⲉ	sky
C296	ⲁϩⲱⲙ, ⲁϩⲱⲙⲉ, ⲁⳉⲱⲙ, ⲁϧⲱⲙ	eagle, vulture
C1735	ⲗⲁϧⲉⲙ	trunk, branch, stalk, tube
C6994	ϩⲟⲟⲩⲧ	male, husband
C5655	ⲟϩⲥ	sickle
C5651	ⲱϩⲥ	reap, mow
C5652	ⲱϩⲥ	reaping, harvest
C5570	ⲱⲧ	look after, take care of
C61	ⲁⲗⲓⲗ, ⲁⲗⲓⲗⲓ, ⲉⲙⲓⲙ	field mouse, mole
C668	ⲉⲙⲓⲙ, ⲁⲗⲓⲗ	shrew mouse
C7106	ϫⲃⲓⲛ	blemish, fault
C6414	ϩⲟⲓ	trouble, zeal
C2745	ⲟⲉⲓⲗⲉ	ram
C7400	ϫⲟⲉⲓⲧ	olive tree, olive
C7403	ϫⲟⲉⲓⲧ	olive tree, olive
C1179	ⲕⲗⲙⲉ	pad, poultice
C1173	ⲕⲗⲟⲙ	crown, wreath
C3694	ⲥⲱⲣ	scatter, spread
C3695	ⲥⲱⲣ	distribution
C2054	ⲉⲙⲥⲱⲃⲉ, ⲙⲥⲱⲡⲉ	large needle
C5226	ⲟⲩⲁⲧϥⲉ	pierced place, hole
C5225	ⲟⲩⲱⲧϥ, ⲟⲩⲱⲧⲃ	traverse, pierce
C7637	ϭⲗⲏ	strengthen, support
C7761	ϭⲛⲟ	be hard
C3488	ⲥⲉⲗⲥⲓⲗ, ⲥⲗⲥⲓⲗ	comfort
C3482	ⲥⲟⲗⲥⲗ	be comforted, encouraged
C3483	ⲥⲟⲗⲥⲗ	consolation, amusement
C5780	ϣⲱⲕ, ϣⲓⲕⲉ	dig, be deep
C5782	ϣⲓⲕⲉ	dig
C5783	ϣⲓⲕⲉ	what is dug, depth
C5781	ϣⲱⲕ	depth
C1518	ⲕⲁϩⲕϩ	hew out, smooth
C4211	ⲧⲱⲕ	kindle, stoke, heat
C4213	ⲧⲱⲕ	baking
