root_id	root_form	root_meaning_en	tla_root_form	tla_root_id	tla_root_meaning_en	tla_root_meaning_de
0	bḏꜣ		bḏꜣ	869423		[Gussform]
1	bgs		bgs	869732		[schaden]
2	bhꜣ		bhꜣ	869603		[Wedel]
3	bẖ					
4	bhn					
5	bḥz		bḥz	869627		[Kalb]
6	bj		bj	866204		[Biene]
7	bjk		bjk	869468		[Falke]
8	bjn		bjn	869459		[Harfe]
9	bjn		bjn	863951		[schlecht sein; böse sein]
10	bjꜣj		bjꜣi̯	863936		[entfernen; Kostbarkeiten]
11	bkꜣ		bkꜣ	864623		[schwanger]
12	bny		bnj	869537		[süß]
13	bnw		bnu̯	869516		[entkommen; abgehen]
14	bnw		bnu̯	869516		[entkommen; abgehen]
15	bnw		bnu̯	869516		[entkommen; abgehen]
16	bnw		bnu̯	869516		[entkommen; abgehen]
17	bl		bl	869549		[außen]
18	bq		bq	869696		[feindlich sein]
19	bnw		bnu̯	869516		[entkommen; abgehen]
20	bꜣ		bꜣ	868916		[aufhacken]
21	bnw		bnu̯	869516		[entkommen; abgehen]
22	bꜣ		bꜣ	868916		[aufhacken]
23	br					
24	brg					
25	brg		brg	869591		[öffnen]
26	brhm					
27	brkt					
28	brq					
29	bs		bs	869675		[Ente]
30	bs					
31	bš					
32	msn		msn	869555		[Stichel]
33	btꜣ		btꜣ	869513		[schuldig]
34	bwj		bwi̯	868946		[verabscheuen]
35	bjꜣj		bjꜣi̯	863936		[entfernen; Kostbarkeiten]
36	bjꜣj		bjꜣi̯	863936		[entfernen; Kostbarkeiten]
37	bꜣ		bꜣ	868913		[Ba]
38	bꜣ		bꜣ	868910		[Widder]
39	bꜣ		bꜣi̯	868922		[feucht sein]
40	bꜣj		bꜣ	868916		[aufhacken]
41	bꜣbꜣ					
42	bwꜣ		bwꜣ	868943		[hoch sein; angesehen sein]
43	bꜣ		bꜣ	868931		[Busch]
44	bꜣḥ		bꜣḥ	868955		[Phallus]
45	bk		bk	869402		Grundstück
46	bꜣk		bꜣk	868997		[dienen]
47	bꜣq		bꜣq	868991		[glänzen]
48	bꜣs		bꜣs	868982		[herausschneiden]
49	bꜥj		bꜥ	869480		[sprudeln; erzeugen]
50	pꜥ		pꜥ	869804		[speien]
51	bꜥḥj		bꜥḥi̯	869498		[überfluten]
52	dj		dj	878174		[fünf]
53	d					
54	d					
55	rḏj		rḏi̯	872594		[geben; veranlassen]
56	dmḏ		dmḏ	878195		[vereinigen]
57	jdb		jdb	866153		[Ufer]
58	dp		dp	878186		[schmecken]
59	ḏn					
60	ḏbb		ḏbb	877685		[verstopfen]
61	dbḥ		dbḥ	873812		[bitten]
62	ḏnf		ḏnf	877067		[Tier]
63	ḏnḥ		ḏnḥ	877751		[Flügel]
64	tnm		tnm	873824		[irregehen]
65	ḏbꜣ		ḏbꜣ	877691		[austauschen]
66	ḏbꜣ		ḏbꜣ	877691		[austauschen]
67	dnrg					
68	ḏnt		ḏnt	877754		[erproben]
69	dp		dp	878192		[Lende]
70	dqr		dqr	878108		[Frucht]
71	ḏbꜥ		ḏbꜥ	877682		[Finger]
72	ḏqꜥ		ḏqꜥ	877901		[schlagen]
73	dr		dr	878225		[beseitigen; ausstrecken]
74	ḏd		ḏd	866186		[sagen]
75	ḏrw		ḏr	875804		[fernhalten]
76	ḏdf		ḏdf	875819		[schaudern]
77	dgs		dgs	878273		[treten]
78	tks		tks	878459		[durchbohren]
79	dgꜣ		dgꜣ	878258		[rasieren]
80	dqr		dqr	878108		[Frucht]
81	mnš		dšr	875894		[rot sein]
82	ḏrꜥ		ḏrꜥ	877784		[zerstreuen]
83	wꜣḏ		wꜣḏ	867194		[gedeihen]
84	ḏwj		ḏwi̯	877670		[hochheben]
85	dḥr		dḥr	875831		[bitter sein]
86	dwn		dwn	875891		[ausstrecken]
87	dwꜣ		dwꜣ	873809		[früh sein]
88	ḏꜣ		ḏꜣ	877643		[rund sein]
89	ḏꜣj		ḏꜣi̯	870755		[überqueren]
90	ḏꜣd		ḏꜣd	877637		[abstechen]
91	ḏꜣf		ḏꜣf	877616		[verbrennen]
92	ḏꜣm		ḏꜣm	877052		[tanzen]
93	ḏꜣm		ḏꜣm	877052		[tanzen]
94	ḏꜥn					
95	ḏꜣr		ḏꜣr	877625		[Johannisbrotfrucht]
96	ḏꜥ					
97	wḏꜥ		wḏꜥ	868856		[trennen]
98	ḏꜥ		ḏꜥ	877649		[Sturm]
99	ḏꜥb		ḏꜥb	877385		[Kohle]
100	ḏꜥr		ḏꜥr	877664		[untersuchen]
101	'=f					
102	fy		fy	870392		[Viper]
103	fd					
104	fd					
105	fd		fd	870446		[schwitzen]
106	fḫ		fḫ	867002		[lösen; zerstören]
107	fnṯ		fnṯ	870422		[Made]
108	fꜣg		fꜣg	870434		[auslösen]
109	fꜣg		fꜣg	870434		[auslösen]
110	ft		ft	870443		[sich ekeln]
111	fꜣj		fꜣi̯	863999		[tragen]
112	fꜥꜣ					
113	gbj		gbi̯	872444		[schädigen]
114	gbt		gbt	877988		[Koptos]
116	gbꜣ		gbꜣ	877925		[Arm]
117	gḏ		gḏ	877949		[Hand]
118	gḥs		gḥs	878069		[Gazelle]
119	gr		gr	864236		[schweigen]
120	knm		knm	875981		[einhüllen]
121	gmj		gmi̯	872447		[finden]
122	gmꜥ		gmi̯	872447		[finden]
123	gnn		gnn	873842		[schwach sein]
124	gn		gn	878009		[angesehen sein]
125	ḏn		ḏn	877760		[singen]
126	gn		gn	878009		[angesehen sein]
127	gns		gns	875912		[Unrecht]
128	gr		gr	877916		[Partikel]
129	grꜣ		grꜣ	878033		[Vögel]
130	grb					
131	grb		grb	877958		[schneiden]
132	grg		grg	870728		[einrichten; gründen; lügen]
133	grg		grg	870728		[einrichten; gründen; lügen]
134	grḥ		grḥ	873842		[aufhören]
135	grm		grm	878048		[fortschleppen]
136	krp		krp	877232		[enthüllen]
137	qrꜥ		qrꜥ	875936		[Schild]
138	gs		gstj	878096		[Palette]
139	gs		gs	878075		[Seite]
140	gš		gš	876017		[schütten]
141	gsm					
142	gšp		gšp	876014		[blicken]
143	qṯr		qṯr	877280		[Ring]
144	gt		gt	878105		[Zisterne]
145	gwn					
146	gꜣw		gꜣi̯	866051		[kentern]
147	gꜣ					
148	gꜣw		gꜣu̯	871685		[eng sein]
149	gꜣw		gꜣi̯	866051		[kentern]
150	gꜣb		gꜣb	877922		[Blatt]
151	gꜣf					
152	gꜣḥ		gꜣḥ	877937		[Körperteil]
153	gꜣš		gꜣš	876020		[Schilfrohr]
154	hwt		hj	872672		[jubeln]
155	hꜣ		hꜣ	872645		[Ehemann]
156	ḥwj		ḥwi̯	865883		[schlagen]
157	ḥwj		zḥ	874787		[Zelt]
158	ḫwj		ḫwi̯	873665		[schützen]
159	ḫtj		ḫt	874442		[Holz]
160	ḫwj		ḫꜣi̯	870530		[messen]
161	ḫwj		ḫꜣi̯	870530		[messen]
162	ḫwj		ḫwi̯	873665		[schützen]
163	ḫwj		ḫꜣi̯	870530		[messen]
164	ẖ		ẖ	870611		[Körper]
165	hbw		hbu̯	865847		[durchziehen]
166	hbw		hbu̯	865847		[durchziehen]
167	hbw		hbu̯	865847		[durchziehen]
168	hbw		hbu̯	865847		[durchziehen]
169	ḥꜣb		ḥꜣb	872870		[Fest]
170	hbw		hbu̯	865847		[durchziehen]
171	ḫbj		ḫbi̯	872288		[vermindern]
172	hbq		hbq	872744		[zerstoßen]
173	ḥbrbr					
174	ḫbr		ḫbr	874040		[zusammenfügen]
175	ḥbs		ḥbs	873041		[bekleiden]
176	ḫbs		ḫbs	874046		[leuchten]
177	hd		hd	872696		[entgegentreten]
178	ḥd		ḥd	869633		[umspannen]
179	ḥḏ		ḥḏ	870590		[weiß]
180	ḥḏj		ḥḏi̯	870593		[schädigen]
181	ḥḏy		ḥḏy	870599		[kalt]
182	ẖd		ẖd	874586		[untersuchen]
183	ẖdb		ẖdb	874589		[töten]
184	ḫft		ḫft	874052		[gegenüber]
185	ḥfꜣ		ḥfꜣ	873266		[kriechen]
186	ḫfꜥ		ḫfꜥ	874094		[packen]
187	ḫfꜥ		ḫfꜥ	874094		[packen]
188	ḥḥ		ḥḥ	872912		[Million]
189	ḫꜣ		ḫꜣ	873758		[worfeln]
190	ḫḫ		ḫḫ	874379		[nivellieren]
191	ḫḫ		ḫḫ	874376		[Hals]
192	ḥjb					
193	ḥkn		ḥkn	873587		[preisen]
194	ẖkr		ẖkr	873950		[schmücken]
195	ḥkꜣ		ḥkꜣ	873575		[zaubern]
196	hm		hm	869552		[jauchzen]
197	hnn		hnn	870527		[neigen]
198	ḥm		ḥm	872684		[steuern]
199	ḥmw		ḥm	872762		[zermalmen; drücken]
200	ḥʾm		ḥʾm	873284		[Frau]
201	ḥm		ḥm	873299		[vierzig]
202	ḥmt		ḥmt	873335		[Erz]
203	ḥmj		ḥmi̯	865979		[weichen; zurücktreiben]
204	ḫmt		ḫmt	874217		[drei]
206	ḥmḏ					
207	ḥnmm		ḥnmm	873422		[Menschheit]
208	ẖmm		ẖmm	873320		[heiß werden]
209	ḫmn		ḫmn	874211		[acht]
210	ḥmsj		ḥmsi̯	865898		[sitzen]
211	ẖms		ẖms	874544		[beugen]
212	ḥmꜣ		ḥmꜣ	873302		[Salz]
213	ḥmꜣ		ḥmꜣ	873308		[keltern]
214	ḫmꜣꜣ		ḫmꜣꜣ	874202		[schrumpeln]
215	hnw		hnw	870608		[Kasten]
216	ḥn		ḥn	873344		[verschließen]
217	ẖn		ẖn	874550		[herantreten]
218	ḥnʾ		ḥnʾ	873365		[Pelikan]
219	ḥn		ḥn	873341		[anordnen]
220	ḥn		ḥn	873341		[anordnen]
221	ḥn		ḥn	873341		[anordnen]
222	ḥn		ḥn	873344		[verschließen]
223	ẖnw		ẖni̯	870545		[rudern]
224	ẖnw		ẖnw	871631		[Inneres]
225	ẖn		ẖn	874550		[herantreten]
226	ḫnd		ḫnd	874289		[treten]
227	ḫnd		ḫnd	874289		[treten]
228	ḥnḥ					
229	ḥnk		ḥnk	870665		[flechten; schenken]
230	ẖnm		ẖnm	871616		[vereinigen]
231	ḫnm		ḫnm	870668		[riechen; erfreuen]
232	ẖnm		ẖnm	871616		[vereinigen]
233	ḫnws		ḫnws	874244		[stechen]
234	hnn		hnn	870527		[neigen]
235	ẖnn		ẖnn	873956		[stören]
236	ẖn		ẖn	874550		[herantreten]
237	ḫnp		ḫnp	874247		[zueignen]
238	ḫnp		ḫnp	874247		[zueignen]
239	ḥnq		ḥnq	873449		[Bier]
240	ḫnr		ḫnr	874265		[einsperren]
241	ḫnr		ḫnr	867008		[zerstreuen; rauben]
242	ḫll		ḫll	874268		[stechen]
243	ḫnr		ḫnr	867008		[zerstreuen; rauben]
244	ḫrr		ḫrr	874271		[heiser sein]
245	ḫns					
246	ḫnš		ḫnš	873971		[stinken]
247	ḥntꜣs					
248	hp		hp	872750		[Vorschrift]
249	ḥjp		ḥjp	872897		[laufen]
250	ḫpr		ḫpr	873698		[werden; entstehen]
251	ḫrp		ḫrp	874316		[leiten]
252	ẖpn		ẖpn	870581		[ausgebaucht sein]
255	ẖpꜣ		ẖpꜣ	874535		[Nabel]
256	ḥqr		ḥqr	873578		[hungern]
257	ḥqꜣ		ḥqꜣ	873572		[herrschen]
258	hrw		hrw	872198		[Tag]
259	ḥr		ḥr	866180		[Gesicht]
260	hrw		hru̯	872201		[zufrieden sein]
261	hr		hr	870653		[melken]
262	ḥrtj		ḥri̯	872702		[fern sein]
263	ḥrj		ḥri̯	872702		[fern sein]
264	ḥrj		ḥri̯	872702		[fern sein]
265	ḥr		ḥr	866180		[Gesicht]
266	ḥrj		ḥrti̯	873491		[zu Lande reisen]
267	ḥr					
268	ḥr		ḥr	866180		[Gesicht]
269	ḥry		ḥry	871601		[Mist; Dung]
270	hrw		hru̯	872201		[zufrieden sein]
271	ḥr		ḥr	873476		[bereit machen]
272	ḥrj		ḥri̯	872702		[fern sein]
273	ḫr		ḫr	865916		[fallen]
274	ḫr		ḫr	874310		[Myrrhe]
275	ḫꜣr					
276	ḫr		ḫr	865916		[fallen]
277	ḫr		ḫr	874301		[bei]
278	ḫrw		ḫru̯	874304		[sagen]
279	ḫr		ḫr	874295		[Straße]
280	ẖrd		ẖrd	873953		[Kind]
281	ẖr		ẖr	870548		[unter]
282	ḫꜣt		ḫꜣt	873788		[rasen]
283	ḫpr		ḫpr	873698		[werden; entstehen]
284	ḫrd		ḫrd	874352		[Ballen; Binde]
285	ḫrḏ		ḫrḏ	874355		[Zähneknirschen]
286	hrp		hrp	872789		[einsinken]
287	ḫrp		ḫrp	874316		[leiten]
288	ḫrp		ḫrp	874316		[leiten]
289	ḫrp		ḫrp	874316		[leiten]
290	ḥrr		ḥrr	873482		[Gewürm]
291	ḥrr		ḥrr	873479		[Blume]
292	ḫrr					
293	ḥrš		ḥrš	873488		[schwer sein]
294	ḫrš		ḫrš	874346		[Bündel]
296	ḫr					
297	ḫr		ḫr	865916		[fallen]
298	ḥs		ḥs	871604		[beschmutzen]
299	ḥsj		ḥzi̯	873509		[loben]
300	ẖzj		ẖzi̯	874565		[schwach sein]
301	ḥsb		ḥsb	873563		[zerlegen]
302	ḫšb		ḫšb	874430		[verstümmeln]
303	ḫsf		ḫsf	870536		[gegenübertreten]
304	zmn		zmn	873536		[Natron]
305	ḥsr					
306	ḥzj		ḥzi̯	873557		[spinnen]
307	ḥṯ		ḥṯ	872933		[Hyäne]
308	ḫtj		ḫt	874442		[Holz]
309	ḫtj		ḫti̯	872924		[ritzen; reiben]
310	ẖd		ẖd	874586		[untersuchen]
311	ẖ		ẖ	870611		[Körper]
312	ḥtm		ḥtm	872810		[zu Ende gehen; zu Ende bringen]
313	ḥtm		ḥtm	872810		[zu Ende gehen; zu Ende bringen]
314	ḫtm		ḫtm	870542		[siegeln]
315	ḫṯn		ḫṯn	874463		[Knoblauch]
317	ḥtp		ḥtp	873623	v	[zufrieden sein; ruhen]
318	ḥtr		ḥtr	873629		[zusammenbinden]
319	ḫtr		ḫtr	874448		[Verb]
320	ḥꜣ		ḥꜣ	870659		[hinten]
321	ḥṯṯ		ḥṯṯ	873650		[Schulter]
322	wḥꜣ		ḥꜣ	872840		[Anfang]
323	ḥtꜣ		ḥtꜣ	872927		[Segel]
324	ḥꜣj		ḥꜣi̯	872837		[entblößen]
325	ḥwn		ḥwn	870662		[jung sein]
326	ḥꜣ		ḥwi̯	865883		[schlagen]
327	ḥꜣ		ḥꜣ	870659		[hinten]
328	ḥꜣ		ḥꜣ	872834		[Grab]
329	ḫꜣj		ḫꜣi̯	870530		[messen]
330	ḫꜣw		ḫꜣw	873716		[Altar]
331	ḫꜣj		ḫꜣi̯	870530		[messen]
332	ḫꜣ		ḫꜣ	873674		[tausend]
333	ḫꜣt		ḫꜣt	873788		[rasen]
334	ḫꜣwj		ḫꜣ	876485		[Gewässer]
335	ḫꜣ		ḫꜣ	873671		[Pflanze]
336	wḫꜣ		wḫꜣ	867500		[herabhängen]
337	ḫꜣḫꜣ					
338	ẖꜣ		ẖꜣ	871622		[niedermetzeln]
339	hb					
340	hꜣb		hꜣb	872648		[senden]
341	ḥꜣb		ḥꜣb	872729		[Fang]
342	ḥꜣd		ḥꜣd	872699		[mit der Reuse fangen]
343	ḫꜣd		ḫꜣd	873995		[rupfen; zerstören]
344	ḥꜣg		ḥꜣg	872891		[froh sein]
345	hꜣm					
346	ḥꜣp		ḥꜣp	872873		[verbergen]
347	ḥqꜣ		ḥqꜣ	873572		[herrschen]
348	ẖꜣr		ẖꜣr	874496		[Witwe]
349	ḫꜣs		ḫꜣs	873773		[Spiraldraht]
350	ḥꜣ					
351	ḥꜣt		ḥꜣt	872894		[trübe sein]
352	ḫꜣtr		ḫꜣtr	874019		[Ichneumon]
353	hꜣṯs		hꜣṯs	872663		[Krug]
354	hꜣj		hꜣi̯	866237		[herabsteigen]
355	ḫꜣꜥ		ḫꜣꜥ	873704		[werfen; legen]
356	ḥꜥ		ḥꜥ	866228		[Glied]
357	ḫꜥ		ḫꜥ	874010		[Gerät]
358	ḫꜥj		ḫꜥi̯	870704		[erscheinen]
359	ẖꜣb		ẖꜣb	874484		[krumm sein]
360	ḥꜣm		ḥꜣm	872876		[fischen]
361	ẖꜥq		ẖꜥq	870584		[rasieren]
362	ḫꜥr		ḫꜥr	873752		[Leder]
363	j		j	864311		[Interjektion]
364	jwy		jwy	864485		[bewässern; ausgießen]
365	jbj		jbi̯	863876		[dürsten]
366	jb		jb	864548		[Herz]
367	jbḥ		jbḥ	863978		[Zahn]
368	jd		jd	866129		[Spende; Duft; Tau; Ausschwitzung]
369	jf		jwf	864500		[Fleisch]
370	fd		fd	864008		[vier]
371	gp		gp	866054		[bewölken]
372	jhy		jhj	865835		[Klageruf]
373	jḥ		jḥ	865856		[Rind]
374	jhm		jhm	864086		[langsam gehen]
375	jḫm					
376	jḫm		ḫm	874106		[stampfen]
378	ḥn		ḥn	873344		[verschließen]
380	jwj		jwi̯	864410		[kommen]
381	jkn		jkn	866042		[ausgraben; ergreifen]
382	mj		mj	866210		[kommen]
383	jm		jm	864680		[klagen]
384	mj		mj	871361		[nehmen]
385	jm		jm	864674		[innen]
386	mḥ		mḥ	864035		[voll sein; fassen]
387	jmn		jmn	864719		[Westen]
388	jmn		jmn	864716		[verbergen]
389	jms		jms	864029		[Dill]
390	jmskꜣ		jmskꜣ	864041		[Fisch]
391	jn		jn	864845		[Negation]
392	nwꜣ		nwꜣ	871955		[sehen]
393	jnj		jnn	864872		[umwenden]
394	jnn		jn	864875		[Teil eines Riegels]
395	jwn		jwn	864506		[Farbe; Charakter]
396	jbn		jbn	863969		[Alaun]
397	jnb		jnb	864044		[Mauer]
398	jnbꜣ		jnbꜣ	863948	[stumm sein]	
399	jnḥ		jnḥ	865733		[umgeben; einschließen; umzingeln]
400	jnk					
401	jnm		jnm	864050		[Haut]
402	m					
403	jnn					
404	jnn		jnn	864872		[umwenden]
405	jnnk		jnnk	865724		[Pflanze]
406	jnp		jnp	865043		Anubis
407	jnq		jnq	865751		[umfassen]
408	ynr					
409	jnr		jnr	865727		[Stein]
410	jnn		jnn	864848		[schneiden]
411	jp		jp	864632		[zählen]
412	jpt		jpt	864656		[Becher]
413	jpn					
414	jpꜣ					
415	qm		qm	864206		[traurig sein]
416	jrj		jri̯	864317		[machen; tun]
417	jr		jr	865799		[bezüglich]
418	jr		jri̯	864317		[machen; tun]
419	jr		jr	865796		[Auge]
420	jrp		jrp	865805		[Wein]
421	jrr					
422	jrṯ		jrṯ	865808		[Milch]
423	jz		jz	864140		[alt; Verfall]
424	jzj		jzj	864149		[leicht sein]
425	jsw		jsw	865964		[Gegenleistung]
426	jns		jns	864152		[rot; Hoden]
427	jwsw		js	865955		[Partikel]
428	jsq		jsq	864161		[zögern; verweilen; zurückhalten]
429	jt		jt	866066		[Gerste]
430	jtj		jtj	864248		[Vater]
431	jtḥ		jtḥ	864260		[ziehen]
432	jtn		jtn	866093		[Erdboden]
433	jtr		jtr	864059		[langer Abschnitt]
434	jw		jw	864476		[Nichtexistenz]
435	jw		jw	864449		[Hund]
436	jwd		jwd	864542		[trennen]
437	jwn		jwn	864503		[Pfeiler]
438	jwr		jwr	864515		[empfangen; schwanger sein]
439	jwr		jwr	864515		[empfangen; schwanger sein]
440	jwꜣ		jwꜣ	863870		[aussondern; Rind]
441	jwꜥ		jwꜥ	864494		[beerben]
442	jjr					
443	jzj		jz	864140		[alt; Verfall]
444	jꜣj		jꜣi̯	863255		[sich erheben]
445	jꜣj		jꜣi̯	863255		[sich erheben]
446	jꜣb		jꜣb	863900		[links]
447	jꜣb		jꜣb	864353		[übelriechend (?); krank]
448	jꜣd		jꜣd	864251		[Netz]
449	ꜣḫj		ꜣḫi̯	864110		[überschwemmt sein; gedeihen]
450	jꜣq		jꜣq	864380		[emporsteigen; beherrschen]
451	jꜣr		jꜣr	864074		[Flechtwerk]
452	jꜣr		jꜣr	864074		[Flechtwerk]
453	jꜣs		jꜣs	864377		[kahl sein]
454	jꜥj		jꜥi̯	864416		[waschen]
455	jꜥf		jꜥf	864434		[auspressen]
456	jꜥḥ		jꜥḥ	864446		[Mond]
457	jꜥn					
458	jꜥr		jꜥr	863279		aufsteigen
459	ky		ky	877124		[anderer]
460	kbnj		kbnj	877175		[Byblos]
461	kfꜣ		kfꜣ	877196		[Hinterteil]
462	kfꜥ		kfꜥ	877199		[erbeuten]
463	khꜣ		khꜣ	877250		[herausfahren; ausstoßen]
464	kkj		kki̯	873848		[finster sein]
465	kmm		km	873857		[vollständig machen]
466	knm		knm	875981		[einhüllen]
467	knm					
468	knnr					
469	kp		kp	877181		[Sohle]
470	gl		gl	875966		[Steinhaufen]
471	krt		krt	877157		[schneiden]
472	grp		grp	877235		[tilgen]
473	krr		krr	875948		[Krug]
474	ksj		ksi̯	873851		[beugen]
475	ks		ks	877286		[winden; schreiten]
476	kt		kt	877106		[bewegen]
477	ktp		ktp	877307		[besiegen]
478	ktt		ktt	870602		[klein sein]
479	kꜣkꜣ					
480	kꜣj		kꜣi̯	872420		[sich heben]
481	kꜣ		kꜣ	872417		[Ka; Lebenskraft]
482	kꜣm					
483	kꜣp		kꜣp	875687		[bedecken; räuchern]
484	kp		kp	877184		[fangen]
485	kꜣr		kꜣr	875642		[Kapelle]
486	kꜣš		kꜣš	866240		[Kusch]
487	rbw					
488	rnn		rnn	871127		[aufziehen]
489	mdwj		mdwi̯	871829		[sprechen]
490	mḏ		mḏ	871763		[tief sein]
491	ḥwn		mḥ	864035		[voll sein; fassen]
492	mḥ		mḥ	871574		[Elle]
493	mḥ		mḥ	864035		[voll sein; fassen]
494	mḥ		mḥ	864035		[voll sein; fassen]
495	mḥj		mḥi̯	871586		[fluten]
496	mḫmḫ					
497	mrkbt					
498	ẖ		ẖ	870611		[Körper]
499	hꜣj		hꜣi̯	866237		[herabsteigen]
500	mḥꜥ		mḥꜥ	871595		[Flachs]
501	mjw		mjw	866213		[Kater]
502	mq		mki̯	871727		[schützen]
503	mk					
504	mkḥꜣ		mkḥꜣ	871250		[Hinterkopf]
505	mktr					
506	mw		mw	870479		[Wasser]
507	mn					
508	mnw		mnw	864752		[Taube]
509	mn		mn	864755		[Schenkel]
510	mn		mn	871451		[Feuer]
511	mn		mn	864728		[bleiben; dauern]
512	mnḏ		mnḏ	871511		[Brust]
513	mn		mn	864731		[Nichtexistenz]
514	mjnꜣ					
515	mn		mn	864737		[bewegen]
516	mjnj		mjni̯	864770		[anbinden; landen; hüten]
517	mnḥ		mnḥ	864797		[Wachs]
518	wnḫ		mnḫ	871478		[trefflich]
519	ꜥnn		ꜥnn	864881		[umwenden]
520	mnnn		mnnn	871466		[Asphalt]
521	mnq		mnq	871499		[vollenden]
522	mnꜥ		mnꜥ	864788		[aufziehen]
523	mqḥ		mqḥ	871739		[betrübt sein]
524	mr		mr	864809		[binden]
525	mr		mr	864809		[binden]
526	mrj		mri̯	871526		[lieben]
527	mr		mr	864809		[binden]
528	wrḥ		wrḥ	867494		[salben]
529	mrḥ					
530	msj		msi̯	871646		[gebären]
531	msj		msi̯	871646		[gebären]
532	msḏj		msḏi̯	871697		[hassen]
533	mšd					
534	mšdd					
535	mzḥ		mzḥ	871640		[Krokodil]
536	mšꜥ		mšꜥ	871415		[marschieren]
537	mtr		mtr	871796		[bezeugen]
538	mtw		mtw	871778		[Same]
539	mtj		mtj	871757		[gerade sein]
540	mtj		mtj	871757		[gerade sein]
541	mtr		mtr	871796		[bezeugen]
542	mtr		mtr	871796		[bezeugen]
543	mw		mw	870479		[Wasser]
544	mʾw		mʾw	871430		[Mutter]
545	mjz		mjz	871394		[Leber]
546	ꜣwj		ꜣwi̯	863291		lang sein
547	mꜣwj		mꜣwi̯	869582		[neu]
548	mꜣj		mꜣj	870485		[Löwe]
549	ꜣwj		ꜣwi̯	863291		lang sein
550	wꜣḥ		wꜣḥ	867164		[legen]
551	mꜣẖ		mꜣẖ	871304		[brennen]
552	jꜣq		jꜣq	864380		[emporsteigen; beherrschen]
553	mꜣṯ					
554	mꜣꜥ		mꜣꜥ	870488		[richtig]
555	mꜣꜥ		mꜣꜥ	870488		[richtig]
556	jn		jn	864839		[demonstratives Element]
557	ntf					
558	m					
559	nbj		nbi̯	872036		[schwimmen; schaffen; vergolden]
560	nbj		nb	872045		[Korb]
561	nbj		nb	872030		[Herr]
562	nb		nb	872033		[jeder]
563	bwj		bwi̯	868946		[verabscheuen]
564	nbd		nbd	872075		[flechten]
565	bs		bs	869678		[Pflanze]
566	nbꜣ		nbꜣ	863333		[drehen; wenden]
567	nḏ		nḏ	865790		[Faden]
568	nḏ		nḏ	865781		[mahlen]
569	nḏrj		nḏri̯	870647		[packen]
570	ndb		ndb	872492		[Fundament]
571	ntš		ntš	865760		[besprengen]
572	nḏm		nḏm	866222		[süß; angenehm]
573	nf		nf	865049		[Ausfluss; Hauch; niesen]
574	nf					
575	nf		nf	865049		[Ausfluss; Hauch; niesen]
576	nfr		nfr	866216		[gut; schön]
577	ngg		ngg	866468		[schreien]
578	ngj		ngi̯	872432		[zerbrechen]
579	nh		nh	871472		[schütteln]
580	nhj		nhi̯	871469		[entgehen; ermangeln; verschonen]
581	nhj		nhi̯	871469		[entgehen; ermangeln; verschonen]
582	nḥḥ		nḥḥ	872240		[Öl]
583	nwḥ		nwḥ	871460		[fesseln]
584	nḥb		nḥb	872219		[ausstatten]
585	nḥb		nḥb	872219		[ausstatten]
586	n					
587	nk		nk	872414		[kopulieren]
588	nmꜥ		nmꜥ	876707		[schlafen]
589	nn		nn	871964		[Kind]
590	nw		nw	871868		[Wasser]
591	nnj		nni̯	872171		[sich winden]
592	nn		nni̯	871916		[müde sein]
593	nq		nq	872405		[feucht sein; frisch sein]
594	nrj		nri̯	872006		[einschüchtern]
595	pj		pj	864650		[Untersatz]
596	p					
597	tp		p	869780		[Himmel]
598	py		py	869870		[Floh]
599	pj		pj	864650		[Untersatz]
600	bṯ		pꜣḏ	869855		[Knie]
601	pḏ		pḏ	870359		[spannen]
602	pds		pds	870383		[breitdrücken]
603	pgꜣ		pgꜣ	870347		[ausbreiten; öffnen]
604	pgꜣ		pgꜣ	870347		[ausbreiten; öffnen]
605	pḥ		pḥ	870242		[erreichen]
606	pḥ		pḥ	870242		[erreichen]
607	pḥ		pḥ	870242		[erreichen]
608	pḫd					
609	pẖr		pẖr	870290		[umwenden]
610	pḫꜣ		pḫꜣ	866183		[abspalten; ausstatten; pflügen]
611	pḫꜣ		pḫꜣ	866183		[abspalten; ausstatten; pflügen]
612	pḫꜣ		pḫꜣ	866183		[abspalten; ausstatten; pflügen]
613	psg		psg	870329		[speien]
614	pn		pn	870191		[Maus]
615	pnn		pnn	870197		[streuen]
616	pnq		pnq	870203		[schöpfen]
617	pnq		pnq	870203		[schöpfen]
618	pnꜥ		pnꜥ	870194		[umdrehen]
619	pqr		pqr	870350		[Stängel]
620	prj		pri̯	870221		[herausgehen]
621	prj		pri̯	870221		[herausgehen]
622	prj		pri̯	870221		[herausgehen]
623	pr					
624	prḏ		prḏ	870233		[trennen]
625	prḫ		prḫ	870227		[aufblühen]
626	prḏ		prḏ	870233		[trennen]
627	prš		prš	870230		[zerschlagen]
628	prṯ					
629	pꜥr		pꜥr	869813		[Wachtel]
630	pzn		psi̯	870314		[kochen]
631	psḏ		psḏ	870338		[neun]
632	psg		psg	870329		[speien]
633	pzḥ		pzḥ	870239		[beißen]
634	pzḫ		pzḫ	870305		[verwirren]
635	pšn		pšn	870344		
636	psš		psš	870326		[teilen]
637	pt		pt	870365		[treten]
638	ptḥ		ptḥ	870371		[bilden]
639	ptḫ		ptḫ	870293		[niederwerfen]
640	ptr		ptr	870224		[sehen]
641	pꜣ					
642	pꜣj		pꜣi̯	869789		[fliegen]
643	pꜣy'=					
644	pꜣḏ		pꜣḏ	869855		[Knie]
645	pꜣḫ		pꜣḫ	869831		[kratzen]
646	pꜣḫ		pꜣḫ	869831		[kratzen]
647	pꜣqj		pꜣqi̯	869843		[dünn sein]
648	pꜥ		pꜥ	869873		[Menschheit]
649	qj		qj	875660		[Gestalt]
650	qbb		qbb	866057		[kühl sein]
651	qbb		qbb	866057		[kühl sein]
652	qbḥ		qbḥ	873893		[kühl sein]
653	qbḥ		qbḥ	875684		[Sehne]
654	qdd		qdd	872411		[schlafen]
655	qd		qd	866039		[bauen; erschaffen; bilden]
656	qdj		qd	866039		[bauen; erschaffen; bilden]
657	qjd		qjd	877115		[binden; festlegen]
658	qdj		qdi̯	873878		[umhergehen]
659	qd		qd	866039		[bauen; erschaffen; bilden]
660	gwḏ		gwḏ	877169		[Färberdistel]
661	qḏ					
662	qdf		qdf	877100		[sammeln]
663	qḏm		qḏm	863942		[greifen]
664	qfn		qfn	873890		[backen]
665	qḥ		qḥ	875993		[(Steine) brechen]
666	qḥ		qḥ	875993		[(Steine) brechen]
668	qjs		qjs	875666		[erbrechen]
669	qm		qm	875765		[Pauke]
670	qmy		qmy	869810		[Gummi]
671	qmꜣ		qmꜣ	875753		[werfen; schaffen]
672	qmꜣ		qmꜣ	875753		[werfen; schaffen]
673	qmꜣ		qmꜣ	875753		[werfen; schaffen]
674	qmꜣ		qmꜣ	875753		[werfen; schaffen]
675	qnj		qnj	875780		[umarmen]
676	qn		qn	875774		[verletzen]
677	qn		qni̯	873887		[fett sein]
678	qn		qnj	875780		[umarmen]
679	qn		qn	875774		[verletzen]
680	qnb		qnb	871853		[biegen; beugen]
681	qnd		qnd	873881		[wütend sein]
682	qfn		qfn	873890		[backen]
683	qnḥ		qnḥ	875798		[Sargteil]
684	qns					
685	qnt		qnt	875915		[Feige]
686	qq		qq	877091		[Vogel]
687	qꜣj		qꜣi̯	872399		[hoch sein]
688	qr		qr	875969		[wälzen]
689	qr					
690	qrf		qrf	875942		[krümmen]
691	krḥt					
692	qrḥ		qrḥ	875957		[glatt]
693	qrm		qrm	875939		[Asche]
694	qrm		qrm	875945		[murmeln]
695	qrr		qrr	875924		[Höhle]
696	qrr		qrr	875921		[auskochen]
697	qrr		qrr	875951		[Frosch]
698	qrr		qrr	875921		[auskochen]
699	qrs		qrs	875960		[bestatten]
700	qrš		qrš	875963		[schmeicheln]
701	qrꜥ		qrꜥ	875936		[Schild]
702	qs		qs	869708		[Knochen]
703	qrs		qrs	875960		[bestatten]
704	qwq					
705	qꜣj		qꜣi̯	872399		[hoch sein]
706	qꜣb		qꜣb	873908		[winden]
707	qꜣd		qꜣd	875657		[kriechen]
708	qꜣḥ		qꜣḥ	873902		[schlämmen]
709	qꜣḥ		qꜣḥ	873899		[binden]
710	qꜣhd					
711	qꜣr		qꜣr	871733		[Riegel]
712	qrt		qrt	878063		[Stein]
713	qꜣꜥ		qꜣꜥ	873911		[ausspeien]
714	qꜥḥ		qꜥḥ	875651		[beugen]
715	qꜥḥ		qꜥḥ	875651		[beugen]
716	jr		jr	865799		[bezüglich]
717	rd		rd	872564		[Fuß]
718	rd		rd	872558		[wachsen]
719	rwḏ		rwḏ	871013		[fest sein]
720	rd		rd	872558		[wachsen]
721	rg					
722	nhj		nhi̯	871469		[entgehen; ermangeln; verschonen]
723	rḫt		rḫt	871241		[waschen]
724	rḫ		rḫ	871217		[Volk]
725	rḫt		rḫt	871241		[waschen]
726	rḫt		rḫ	871214		[wissen]
727	rhb		rhb	871280		[Glut]
728	rhd					
729	rkḥ		rkḥ	871556		[erhitzen]
730	rm		rm	871178		[Fisch]
731	rmj		rmi̯	871004		[weinen]
732	rmnj		rmni̯	871184		[tragen]
733	rmnj		rmni̯	871184		[tragen]
734	rmṯ		rmṯ	871196		[Mensch]
735	rn		rn	871268		[Name]
736	rnn		rnn	871127		[aufziehen]
737	rnpj		rnpi̯	871166		[jung sein]
738	rqj		rqi̯	866954		[aufhören; entfernen; abwehren]
739	rr		rr	871007		[sich wälzen]
740	rs		rs	872534		[wachen]
741	rs		rs	872537		[Süden]
742	rs		rs	872534		[wachen]
743	rs		rs	872534		[wachen]
744	ršw		ršu̯	872546		[sich freuen]
745	ry		rwi̯	871103		[sich entfernen]
746	rwj		rwi̯	871103		[sich entfernen]
747	rwḏ		rwḏ	871013		[fest sein]
748	rwḏ		rwḏ	871013		[fest sein]
749	rwhꜣ		rwhꜣ	871145		[Abend]
750	rwš					
751	rʾ		rʾ	870986		[Mund]
752	rʾ		rʾ	870989		[Gans]
753	rꜥw		rꜥw	871115		[Sonne]
754	'=s					
755	z		z	874598		[Mann]
756	s		s	870614		[Sitz]
757	šw		š	874889		[See]
758	sb					
759	sb		sb	876284		[schneiden]
760	sb					
761	šbj		šbi̯	875147		[mischen]
762	šbb		šbb	875168		[Röhre]
763	sbg		sbg	876308		[Merkur]
764	sbḥ		sbḥ	876296		[schreien]
765	sbḥ		sbḥ	876296		[schreien]
766	sbḫ		sbḫ	876299		[umschließen]
767	zbn		zbn	874691		[gleiten]
768	wbn		wbn	867296		[aufgehen]
769	snb		snb	875870		[gesund sein]
770	šbn		šbn	874037		[mischen]
771	šbn		šbn	874037		[mischen]
772	sbtj		sbtj	876311		[Mauer]
773	zbṯ		zbṯ	873932		[lachen]
774	sbꜣ		sbꜣ	876239		[Stern]
775	sbꜣ		sbꜣ	876239		[Stern]
776	sbꜣ		sbꜣ	876239		[Stern]
777	sḏ		sḏ	876185		[zerbrechen]
778	sḏ		sḏ	876185		[zerbrechen]
779	šdj		sšd	875564		[umbinden]
780	šdj		šdi̯	866021		[nehmen; herausnehmen; entfernen; (Gaben) darbringen; graben; aushöhlen; retten; (etwas) lesen; rezitieren; säugen; aufziehen]
781	šdj		šdi̯	866021		[nehmen; herausnehmen; entfernen; (Gaben) darbringen; graben; aushöhlen; retten; (etwas) lesen; rezitieren; säugen; aufziehen]
782	šḏ		šḏ	875639		[Teig]
783	sdm		sdm	870566		[schminken]
784	sḏm		sḏm	876761		[hören]
785	sḏr		sḏr	870569		[schlafen]
786	sf		sf	876344		[gestern]
787	zf		zf	874715		[abschneiden]
788	šfj		šfi̯	875243		[respektieren]
789	šfw		šfu̯	866009		[anschwellen; geschwollen sein]
790	šfd		šfd	875261		[fassen]
791	sfḫ		sfḫ	876359		[sieben]
792	fḫ		fḫ	867002		[lösen; zerstören]
793	sfḫ					
794	šgnn		šgnn	875600		[streiten]
795	šhb		šhb	875129		[heißer Wind]
796	šḥq					
797	šmšm					
798	ẖmm		ẖmm	873320		[heiß werden]
799	šmj		šmi̯	865985		[gehen]
800	šmj		šmi̯	865985		[gehen]
801	šmꜣ		šmꜣ	875273		[wandern]
802	šmꜥ		šmꜥ	875267		[schmal sein]
803	znj		zni̯	865940		[abtrennen]
804	snṯj		sn	875849		[sich gesellen]
805	sn		zni̯	865940		[abtrennen]
806	šnꜥ		šnꜥ	875318		[fernhalten]
807	šnj		šnꜥ	875318		[fernhalten]
808	šnꜥ		šnꜥ	875318		[fernhalten]
809	šnꜥ		šmꜥ	875267		[schmal sein]
810	šnj		šn	875297		[vermeiden (?); frei machen (?)]
811	spt		zpi̯	874697		[übrig bleiben]
812	sp		sp	864155		[Lippe; Sprache; Ufer; Rand]
813	špj		šzp	875189		[empfangen]
814	snḏ		snḏ	875873		[fürchten]
815	šnḏ		šnḏ	875345		[Schurz]
816	šnḏ		šnḏ	874286		[Akazie]
817	špsj		špsi̯	875171		[ehrwürdig sein]
818	šnf		šnf	874259		[Schuppe]
819	sqr		sqr	871676		[schlagen]
820	srj		zr	866234		[Widder]
821	sr		sr	876584		[ankündigen]
822	šrr		šrr	866015		[klein sein]
823	šrr		šrr	866015		[klein sein]
824	šrr		šrr	866015		[klein sein]
825	šrr		šrr	866015		[klein sein]
826	šrf					
827	srḥ		šlḥ	875366		[Zweig]
828	sꜣp		sꜣp	876089		[Lotos]
829	sjs		sjs	876179		[sechs]
830	zz		zz	874814		[verbrennen]
831	šsm		šsm	875531		[entzündet sein]
832	zššn					
833	šzp		šzp	875189		[empfangen]
834	šzp		šzp	875189		[empfangen]
835	šzp		šzp	875189		[empfangen]
836	šzp		šzp	875189		[empfangen]
837	wꜣš		wꜣš	867176		[angesehen sein]
838	šsꜣ		šsꜣ	875516		[kundig sein]
839	sṯꜣ		sṯꜣ	874607		[ziehen]
840	jṯj		sti̯	870710		[aussenden]
841	št					
842	štb		štb	875615		[einschließen]
843	tf		tf	872462		[speien]
844	stp		stp	876932		[auswählen]
845	sṯꜣ		sṯꜣ	874607		[ziehen]
846	sw		sw	876221		[Zeit]
847	sw		sw	876224		[Pflanze]
848	sw		sw	876224		[Pflanze]
849	šwj		šwi̯	873920		[leer sein]
850	šwjʾ		šwi̯	873920		[leer sein]
851	šwjʾ		šwi̯	873920		[leer sein]
852	šwb		šwb	875126		[Perseabaum]
853	šwb		šwb	875126		[Perseabaum]
854	swḥ		swḥ	876266		[verhüllen]
855	šwqr					
856	wrr		zwr	870554		[trinken]
857	zꜣw		zꜣu̯	873941		[schützen]
858	sꜣ		sꜣ	876032		[Rücken]
859	ꜣwj		sꜣi̯	873992		[satt sein]
860	šꜣ		šꜣ	874973		[bestimmen]
861	šꜣ		šꜣ	874967		[Sumpf]
862	šꜣ		šꜣ	874973		[bestimmen]
863	šꜣj		šꜣj	866189		[Schwein]
864	šꜣ		šꜣ	874973		[bestimmen]
865	šꜣ		šꜣ	874967		[Sumpf]
866	šbd		šbd	875177		[Stock]
867	sꜣḥ		sꜣḥ	876104		[herankommen]
868	šꜣm		šꜣm	875021		[heiß sein]
869	sꜣq		sꜣq	876116		[zusammenfügen]
870	sꜣr		sꜣr	876059		[(durch)sieben]
871	šꜣr		šꜣr	874361		[zusammenbinden]
872	šꜣšꜣꜥ					
873	zꜣṯ		zꜣṯ	864164		[ausgießen; libieren]
874	štb		štb	875615		[einschließen]
875	šꜣ		šꜣ	874967		[Sumpf]
876	šꜥ					
877	šꜥy		šꜥy	875084		[Sand]
878	šꜥḏ		šꜥḏ	875099		[schneiden]
879	sꜥr		sꜥr	876203		[Wolle]
880	t					
881	tbt		tbt	878306		[Fisch]
882	ṯb					
883	dbs		dbs	878318		[stechen]
884	tbs		tbs	878315		[Ferse]
885	tfj		tf	872462		[speien]
886	ṯftn		ṯftn	877397		[überstürzen]
887	tḫj		tḫi̯	878414		[trinken]
888	tḫ		tḫ	878429		[mischen]
889	tḫ		tḫ	878417		[fett]
890	tḫj		tḫi̯	878414		[trinken]
891	tḫj		tḫi̯	878414		[trinken]
892	tḫ		tḫ	878429		[mischen]
893	ṯḥw		ṯḥu̯	877517		[sich freuen]
894	tḫb		tḫb	878420		[eintauchen; bewässern]
895	thm		thm	871805		[durchstoßen; mobilisieren]
896	tḥs					
897	ṯh		ṯh	877514		[lahm]
898	ṯkj		ṯki̯	870605		[färben]
899	tkn		tkn	873821		[nahe sein]
900	tkn		tkn	873821		[nahe sein]
901	tks		tks	878459		[durchbohren]
902	tkꜣ		tkꜣ	878297		[verbrennen]
903	tm		tmm	878351		[verschließen]
904	ṯms		ṯms	877418		[vergraben]
905	tmꜣ		tmꜣ	877727		[Matte]
906	ṯmꜣ					
907	ṯnw		ṯnw	877442		[zählen]
908	ṯnj		ṯnj	877436		[wo]
909	ṯnw		ṯni̯	866243		[erheben]
910	ṯnj		ṯni̯	866243		[erheben]
911	ṯnj		ṯnj	877439		[schwach werden]
912	ṯnj		ṯni̯	866243		[erheben]
913	ṯnf		ṯnf	877457		[messen]
914	ṯnf		ṯnf	877457		[messen]
915	tnm					
916	ṯnm		ṯnm	877460		[Kessel]
917	tr					
918	tp		tp	866672		[Kopf]
919	tp					
920	tpḥ					
921	ṯpn		ṯpn	878339		[sich freuen]
922	tr					
923	tr		tr	866102		[Zeit]
924	tr					
925	ṯr		ṯr	877493		[Weide]
926	ṯrḥ					
927	ṯrm		ṯrm	877400		[zwinkern]
928	ṯrp		ṯrp	877499		[Gans]
929	tnr		tnr	878402		[Ofen]
930	ṯrw		ṯrw	877496		[sich freuen]
931	ṯrꜥ					
932	ṯzj		ṯzi̯	873815		[erheben]
933	ṯzj		ṯzi̯	873815		[erheben]
934	ṯṯ					
935	ṯtf		ṯtf	875888		[ausschütten; steigen]
936	ṯwf		ṯwf	877379		[Papyrus]
937	twtj		tj	871775		[treten; traben]
938	twꜣ		twꜣ	873830		[hochheben; stützen]
939	ṯzj		ṯzi̯	873815		[erheben]
940	tꜣ		tꜣ	878120		[Erde]
941	ṯꜣw		jṯꜣ	864296		[nehmen; stehlen]
942	ṯꜣw		ṯꜣw	877331		[Luft]
943	ṯꜣj		ṯꜣi̯	875840		[nehmen]
944	tḫ		tḫ	878429		[mischen]
945	ṯꜣm					
946	tꜣš		tꜣš	878144		[Grenze]
947	ṯꜣz		ṯꜣz	873818		[knoten]
948	w		w	867107		[Bezirk]
949	wbḫ		wbḫ	867302		[leuchten]
950	wbn		wbn	867296		[aufgehen]
951	wbꜣ		wbꜣ	867290		[gegen]
952	wdj		wdi̯	868874		[legen]
953	wḏ		wḏ	867239		[befehlen]
954	wḏb		wḏb	868835		[umwenden]
955	wdḥ		wdḥ	868844		[schütten; opfern]
956	wḏḥ		wḏḥ	868841		[entwöhnen; reifen]
957	wdn		wdn	868883		[schwer sein; niederlegen; opfern]
958	wḏꜣ		wḏꜣ	868862		[gehen]
959	wḏꜣ		wḏꜣ	868859		[heil sein]
960	wḏꜥ		wḏꜥ	868856		[trennen]
961	wft		wft	867338		[durchbohren]
962	wfꜣ		wfꜣ	867275		[Lunge]
963	wgj		wgi̯	868814		[kauen]
964	wgp		wgp	868817		[zerstören]
965	wgs		wgs	868820		[aufschneiden]
966	wgj		wgi̯	868814		[kauen]
967	whj		whi̯	867230		[verfehlen]
968	wḥ		wḥ	868715		[bellen]
970	wḥm		wḥm	868721		[wiederholen]
971	whr		whr	867554		[Hund]
972	wḫr		wḫr	867233		[bearbeiten; (sich) abmühen]
973	wḥꜣ		wḥꜣ	867566		[brechen]
974	wḫꜣ		wḫꜣ	867506		[suchen]
975	wḫꜣ					
976	wḥꜥ		wḥꜥ	867569		[lösen]
977	wḥꜥ		wḥꜥ	867569		[lösen]
978	wḥꜥ		wḥꜥ	867569		[lösen]
979	wmt		wmt	867341		[dick]
980	wn		wn	867224		[öffnen]
981	wn		wn	867224		[öffnen]
982	wnj		wni̯	867227		[eilen]
983	wn		wnn	867347		[existieren]
984	wn		wn	867224		[öffnen]
985	wnn		wnn	867347		[existieren]
986	wnḏ		wnḏ	867416		[Höhlung]
987	wnf		wnf	867377		[lösen; jubeln]
988	wnm		wnm	867386		[essen]
989	wnp		wnp	867383		[erstechen]
990	wnš		wnš	867401		[Schakal]
991	wpj		wpi̯	867293		[öffnen]
992	wrr		wrr	867281		[groß sein]
993	wrḥ		wrḥ	867491		[freilassen]
994	wrm		wrm	867482		[anschwellen]
995	wrm		wrm	867482		[anschwellen]
996	wrs		wrs	867518		[Stütze]
997	wršw		wršu̯	867521		[wach sein]
998	wsj		wsi̯	868751		[sägen]
999	wḫꜣ		wḫꜣ	867503		[ausleeren]
1000	wš					
1001	wš		wš	868772		[zerstören]
1002	wš		wš	868772		[zerstören]
1003	wšb		wšb	868787		[antworten]
1004	wšd		wšd	868805		[anreden]
1005	wzf		wzf	868739		[träge sein]
1006	wsḫ		wsḫ	868763		[weit sein]
1007	wsr		wsr	868754		[mächtig sein]
1008	wšm		wšm	868793		[vermengen]
1009	wsr		wsr	868754		[mächtig sein]
1010	wsr		wsr	868754		[mächtig sein]
1011	wšr		wšr	868802		[trocknen]
1012	wzš		wzš	868736		[harnen]
1013	wsṯn		wsṯn	868769		[ungehindert schreiten]
1014	wšꜥ		wšꜥ	868781		[verzehren]
1015	wtn		wtn	868838		[durchbohren]
1016	ꜥwꜣj		ꜥwꜣ	866612		[faulen]
1017	wꜣ					
1018	wꜣj		wꜣi̯	867113		[fern sein]
1019	wꜣ		wꜣ	867119		[grübeln; (Böses) planen; konspirieren]
1020	wꜣḏ		wꜣḏ	867194		[gedeihen]
1021	wꜣḥ		wꜣḥ	867164		[legen]
1022	wḥꜥ		wꜣḥ	867164		[legen]
1023	wꜣḥ		wꜣḥ	867164		[legen]
1024	wꜣr		wꜣr	867161		[schnüren]
1025	wꜣr		wꜣr	867155		[Musik]
1026	wꜥꜥ		wꜥꜥ	867248		[einzig sein]
1027	wꜥb		wꜥb	867257		[rein sein]
1028	wꜥr		wꜥr	867269		[fliehen]
1029	wꜥr		wꜥr	867269		[fliehen]
1030	wꜥꜣ		wꜥꜣ	867221		[schmähen]
1031	ym		ym	864692		[Meer]
1032	yꜣ					
1033	znḥm		znḥm	874763		[Heuschrecke]
1034	ꜣwj		ꜣwi̯	863291		lang sein
1035	ꜥw		ꜥw	863897		[Stück; Arm]
1036	ꜣbd		ꜣbd	863984		[Monat]
1037	jꜥb		jꜥb	864431		[vereinigen]
1038	ꜥj		ꜥꜣi̯	866252		[groß sein]
1039	ꜥbꜣ		ꜥbꜣ	863954		[einwirken; darbringen]
1041	ꜣgbj		ꜣgbi̯	863981		[überfließen]
1042	ꜣh		ꜣh	863879		[bekümmert sein]
1043	ꜥḏn		ꜥḏn	867092		[zerstören]
1044	ꜣḫ		jꜣḫ	864371		[glänzen]
1045	ꜣḫj		ꜥfd	866696		[Nagel]
1046	ꜣr					
1047	ꜣmm		ꜣmm	864014		[ergreifen]
1048	ꜥgrt					
1049	ꜣpd		ꜣpd	863993		[Vogel]
1050	ꜣq		ꜣq	864188		[zugrunde gehen]
1051	ꜣrr		ꜣrr	864065		[Enttäuschung (?); ungeduldig sein (?)]
1052	ꜣs		ꜣs	864143		[Isis]
1053	ꜣs		ꜣs	864137		[eilen; fließen]
1054	ꜥḥꜥ		ꜥḥꜥ	866957		[stehen]
1055	ꜣšr		ꜣšr	864185		[grillen; rösten]
1056	ꜥm		ꜥm	866699		[verschlucken]
1057	ꜣṯp		ꜣṯp	864254		[beladen]
1058	ꜥmḏ		ꜥmḏ	866729		[abwenden]
1059	ꜥmr		ꜥmr	866717		[Bäcker]
1060	ꜥmj		ꜥmj	866702		[verschmieren]
1061	ꜥnn		ꜥnn	864881		[umwenden]
1062	ꜥjn		ꜥni̯	866603		[schön sein]
1063	ꜥnn		ꜥnn	864881		[umwenden]
1064	ꜥnn		ꜥnn	864881		[umwenden]
1065	ꜥnb		ꜥnb	866897		[binden]
1066	ꜥnḏ		ꜥnḏ	866918		[wenig sein]
1067	jnḥ		jnḥ	865733		[umgeben; einschließen; umzingeln]
1068	ꜥnḫ		ꜥnḫ	866909		[(sozial) (ein)gebunden sein; leben]
1069	ꜥnḫ		ꜥnḫ	866909		[(sozial) (ein)gebunden sein; leben]
1070	ꜥnḫ		ꜥnḫ	866909		[(sozial) (ein)gebunden sein; leben]
1071	jnq		jnq	865751		[umfassen]
1072	ꜥpšꜣ		ꜥpšꜣ	866669		[Käfer]
1073	ꜥq		ꜥq	866594		[eintreten]
1074	jꜥr		jꜥr	863279		aufsteigen
1075	ꜥrꜥr					
1076	jꜥr		jꜥr	863279		aufsteigen
1077	jꜥr		jꜥr	863279		aufsteigen
1078	jꜥr		jꜥr	863279		aufsteigen
1079	ꜥrḏ		ꜥrḏ	866951		[fest machen]
1080	ꜥrq		ꜥrq	866948		[vollenden]
1081	ꜥrq		ꜥrq	864080		[umbinden]
1082	ꜥrq		ꜥrq	864080		[umbinden]
1083	ꜥršn					
1084	ꜥšj		ꜥš	866591		[rufen]
1085	ꜥšꜣ		ꜥšꜣ	867029		[viel]
1086	ꜥšꜣ		ꜥšꜣ	867029		[viel]
1087	sdꜣ		sdꜣ	866000		[zittern]
1088	dgꜣ					
1089	mḏḥ					
1090	mḏḥ		mḏḥ	871808		[zurichten]
1091	mdn		mdn	871793		[ruhig sein]
1092	dꜣ		sdꜣ	866000		[zittern]
1093	ḏꜣj		ḏꜣi̯	870755		[überqueren]
1094	ḏꜣj		ḏꜣi̯	870755		[überqueren]
1095	sgb		sgb	876911		[schreien]
1096	sgꜣ					
1097	zḥ		zḥ	874787		[Zelt]
1098	zḫj		zḫi̯	872378		[schlagen]
1099	sḫj		sḫi̯	876653		[bitter sein]
1100	sḫ		sḫ	871661		[breit sein]
1101	sḫt		sḫt	870560		[zurichten]
1102	zẖꜣ		zẖꜣ	874808		[schreiben]
1103	zẖj		zẖi̯	874802		[taub sein]
1104	sẖb		sẖb	876668		[einschlürfen]
1105	ḥḏ		ḥḏ	870590		[weiß]
1106	nḥḥ					
1107	nḥm		nḥm	872228		[fortnehmen; retten]
1108	ḫm		sḫm	875876		[mächtig sein]
1111	zḫnj		zḫni̯	874793		[umfassen]
1112	zḫnj		zḫni̯	874793		[umfassen]
1113	zḫnj		zḫni̯	874793		[umfassen]
1114	nhpj		nhpi̯	870626		[trauern]
1115	nhp		nhp	870623		[tatkräftig sein]
1116	nhr		nhr	872189		[Schrecken]
1117	sḫr		sḫr	876176		[Plan]
1118	nhzj		nhzi̯	870629		[wach sein]
1119	nhzj		nhzi̯	870629		[wach sein]
1120	nḥj		nḥi̯	872210		[erbitten]
1121	rḫt		rḫt	871241		[waschen]
1122	ḫwj		ḫt	873959		[hinten]
1123	ḫt		ḫt	873959		[hinten]
1124	nḫj		nḫt	872315		[stark sein]
1125	ḥwrw		ḥwrw	873014		[schwach sein]
1126	hꜣj		hꜣi̯	866237		[herabsteigen]
1127	skj		ski̯	870563		[untergehen]
1128	skꜣ		skꜣ	876893		[pflügen]
1129	ky		sk	876899		[fegen]
1130	skj		ski̯	870563		[untergehen]
1131	ktt		ktt	870602		[klein sein]
1132	zkr					
1133	skꜣ		skꜣ	876893		[pflügen]
1134	nqꜥ		nqꜥ	864077		[ritzen]
1135	sm		sm	876371		[versorgen]
1136	smj		smj	876404		[melden]
1137	smd		smd	876458		[wandern]
1138	wꜣḥ		mḥi̯	871586		[fluten]
1139	nmḥ		nmḥ	872129		[Waise]
1140	jmj		jmi̯	864707		[geben; veranlassen]
1141	nmt		nmi̯	864047		[fahren, reisen, gehen]
1142	mwt		mwt	871442		[sterben]
1143	smꜣ		smꜣ	876377		[Schläfe]
1144	smꜣ		smꜣ	865976		[töten; schlachten]
1145	snw		sn	875852		[riechen]
1146	snf		snf	876530		[Vorjahr]
1147	jnḥ		jnḥ	865733		[umgeben; einschließen; umzingeln]
1148	snḥ		snḥ	870689		[binden]
1149	snq		snq	876557		[säugen]
1150	nnšm		nnšm	871922		[Milz]
1151	nnyb		nnyb	872177		[Styrax]
1152	spd		spd	875867		[spitz sein]
1153	spdḏ					
1154	prj		pri̯	870221		[herausgehen]
1155	qbb		qbb	866057		[kühl sein]
1156	nqꜥ		nqꜥ	864077		[ritzen]
1157	nr		nr	871874		[Zeitpunkt]
1158	rwj		rj	871001		[Seite]
1159	rd		rd	872558		[wachsen]
1160	ꜥrf		srf	876353		[warm sein]
1161	zkr					
1162	zrm		zrm	874778		[Bier]
1163	rqj		srq	875495		[öffnen]
1164	s		s	870614		[Sitz]
1165	nsbj		nsbi̯	872363		[verschlingen; lecken]
1166	sdb		sdb	877028		[essen]
1167	sḏb		sḏb	877064		[leben]
1168	snp					
1169	snṯj		snṯi̯	870695		[gründen]
1170	nṯr		nṯr	870521		[Gott]
1171	nšp		nšp	872387		[atmen]
1172	sšp		sšp	874064		[leuchten]
1173	sšp		sšp	874064		[leuchten]
1174	ẖpn		ẖpn	870581		[ausgebaucht sein]
1175	nsq		nsq	872384		[stechen]
1176	nsr		nsr	872372		[brennen]
1177	šrr		šrr	875363		[flehen]
1178	nss		nss	872381		[beschädigen]
1179	mssbt					
1180	šꜣꜥ		šꜣꜥ	874985		[beginnen]
1181	šꜣꜥ		šꜣꜥ	874985		[beginnen]
1182	stẖ		stẖ	876950		[Seth]
1183	nw		nw	866219		[umhüllen]
1184	nw		nw	871967		[Zeit]
1185	nj		ni̯	867197		[abweisen]
1186	nw		nw	871868		[Wasser]
1187	nwḏ		nwḏ	872024		[bewegen]
1188	nwḥ		nwḥ	871460		[fesseln]
1189	swn		swn	876254		[wissen]
1190	swn		zwnu̯	873938		[leiden]
1191	swn		swn	876251		[kaufen]
1192	wš		wš	868772		[zerstören]
1193	ꜣbw		ꜣbw	863309		Elefant
1194	nꜥj		nꜥi̯	871877		[fahren; winden]
1195	nꜥꜥ		nꜥꜥ	871940		[glätten]
1196	nꜥj		nꜥi̯	871877		[fahren; winden]
1197	nꜥj		nꜥi̯	871877		[fahren; winden]
1198	ꜥꜣb		ꜥb	866642		[rein sein]
1199	ꜥḏ		ꜥḏ	864302		[aufhacken]
1200	mhj		mhi̯	870650		[vergessen]
1201	ḫꜣj		ḫꜣi̯	870530		[messen]
1202	nꜥꜥ		nꜥꜥ	871940		[glätten]
1203	jꜣr		jꜣr	864074		[Flechtwerk]
1204	ꜥb		ꜥb	866642		[rein sein]
1205	bgꜣ		bgꜣ	869720		[schiffbrüchig sein]
1206	bnd		bnd	869573		[einwickeln]
1207	bnḏ		bnḏ	869567		[Gurke]
1208	bng		bng	869564		[Überfluss haben]
1209	ḏdḥ		ḏdḥ	875810		[einsperren]
1210	dm		dm	877037		[scharf sein]
1211	dmj		dmj	873806		[berühren]
1212	db		db	872489		[Horn]
1213	db					
1214	ḏmꜥ		ḏmꜥ	871850		[dürr sein]
1215	ḏnj		dn	871790		[abschneiden]
1216	ḏn		ḏn	877631		[dreschen]
1217	ḏn		ḏn	877631		[dreschen]
1218	dbn		dbn	871325		[umwenden]
1219	dbr					
1220	ḏbꜣ		ḏbꜣ	877691		[austauschen]
1221	ḏnjr					
1222	zl		zl	877748		[Zweig]
1223	ḏbꜣ					
1224	ḏbꜣ		ḏbꜣ	877691		[austauschen]
1225	ḏbꜣ		ḏbꜣ	877691		[austauschen]
1226	ḏbꜥ		ḏbꜥ	877682		[Finger]
1227	dqr		dqr	878108		[Frucht]
1228	ḏdj		ḏdi̯	872528		[dauern]
1229	ḏdꜣ		ḏdꜣ	875906		[fett sein]
1230	ḏꜣf		ḏꜣf	877616		[verbrennen]
1231	drg					
1232	dg		dg	878270		[gehen]
1233	dgm		dgm	878267		[Rizinus]
1234	ḏr		ḏr	877769		[Vogel]
1235	ḏdm		ḏdm	875816		[aufhäufen]
1236	ḏr		ḏr	877577		[Hand]
1237	ḏꜣr		ḏꜣr	877628		[Skorpion]
1238	dbn		dbn	871325		[umwenden]
1239	ṯḥn		ṯḥn	870740		[begegnen]
1240	dhn		dhn	878237		[anordnen; verbeugen]
1241	ḏꜣj		wḏꜣ	868865		[übrigbleiben]
1242	dwn		dwn	875891		[ausstrecken]
1243	ḏḥr					
1244	ḏḥ		ḏḥ	877808		[Metall]
1245	ḏḥ					
1246	ḏḥꜣ		ḏḥꜣ	875837		[Stroh]
1247	gmꜥ		gmꜥ	878006		[schädigen]
1248	gꜣš					
1249	ḥb					
1250	ḥḏ		ḥḏ	870590		[weiß]
1251	ḥfdj		ḥfdi̯	873278		[emporklimmen]
1252	ḫf		ḫf	872306		[fließen]
1253	ḥfn		ḥfꜣ	873266		[kriechen]
1254	ḫḫ					
1255	hm		hm	872765		[Fährlohn]
1256	ḫnz		ḫnz	874274		[vorbeiziehen]
1257	ḥpt		ḥpt	873254		[umarmen]
1258	ḥwꜣ		ḥwꜣ	872990		[faulen]
1259	ḥzj		ḥzi̯	873527		[heranbringen]
1260	hꜣj		hꜣi̯	866237		[herabsteigen]
1261	hꜣj		hꜣi̯	866237		[herabsteigen]
1262	ḥwj		ḥwi̯	865883		[schlagen]
1263	hꜣ					
1264	ḫꜣj		ḫꜣi̯	870530		[messen]
1265	ḥwj		ḥwi̯	865883		[schlagen]
1266	ḥṯs		ḥṯs	873641		[Wüstenspringmaus]
1267	ḥwj		ḥwi̯	865883		[schlagen]
1268	ḥtj		ḥḏi̯	870593		[schädigen]
1269	ḥꜣ		ḥꜣ	872840		[Anfang]
1270	ḥwj		ḥwi̯	865883		[schlagen]
1271	ḥwrꜥ		ḥwrꜥ	873011		[rauben]
1272	jp		jp	864638		[Innenraum]
1273	jwn		jwn	864506		[Farbe; Charakter]
1274	mḏ		mḏ	871838		[zehn]
1275	mrḫ					
1276	mḫr					
1277	mn		mn	864728		[bleiben; dauern]
1278	n		n	869504		[Negation]
1279	nwꜣ		nwꜣ	871955		[sehen]
1280	tr					
1281	qwr		qwr	875675		[ausschöpfen]
1282	sd		sd	871256		[gekleidet sein]
1283	sḏ		sḏ	876185		[zerbrechen]
1284	smn		smn	876422		[Nilgans]
1285	šms		šms	875288		[folgen]
1286	šm		šm	875264		[Schwiegervater]
1287	snp					
1288	šnṯ		šnṯ	866012		[streiten; kämpfen; schmähen]
1289	znj		zni̯	865940		[abtrennen]
1290	šn		šn	875324		[hundert]
1291	šnj		šni̯	875300		[stinken]
1292	šn					
1293	zpj		zp	874694		[Fall]
1294	šnj		šni̯	875102		[rund sein]
1295	šnj		šni̯	875303		[leiden]
1296	šnj		šni̯	875102		[rund sein]
1297	ẖpn		ẖpn	870581		[ausgebaucht sein]
1298	spr		spr	870557		[gelangen]
1299	spr		spr	870557		[gelangen]
1300	znf		znf	874757		[bluten]
1301	špt		špt	875198		[aufblasen]
1302	šq		šq	875579		[Ring]
1303	rwj		sri̯	876581		[kommandieren]
1304	srj		sri̯	876587		[ausbreiten]
1305	sr		sr	874769		[Dorn; Stachel]
1306	štꜣ		štꜣ	873914		[verborgen sein]
1307	štꜣ		štꜣ	873914		[verborgen sein]
1308	zꜣ					
1309	zꜣ		zꜣ	874604		[Sohn]
1310	zꜣw		zꜣw	874616		[zerbrechen]
1311	sꜣ		sꜣ	876032		[Rücken]
1312	sꜣ		sꜣ	876032		[Rücken]
1313	ꜣ		ꜣ	863249		[momentum]
1314	ꜣbw		ꜣbw	863309		Elefant
1315	ꜣbw		ꜣbw	863309		Elefant
1316	ꜥbꜥ		ꜥbꜥ	866648		[steif]
1317	ꜥtḫ		ꜥtḫ	867065		[auspressen]
1318	ꜣbḏ		ꜣbḏ	863990		[Abydos]
1319	ꜣbḫ		ꜣbḫ	863339		[vermischen; verbinden]
1320	ꜥb		ꜥb	866639		[Horn]
1321	ꜣfꜥ		ꜣfꜥ	864002		[Gier]
1322	jꜥꜣ		jꜥꜣ	864422		[Esel]
1323	ꜣbḫ		ꜣbḫ	863339		[vermischen; verbinden]
1324	ꜥꜣḏ		ꜥꜣḏ	864269		[Rand; Gebiet]
1325	ꜥꜣm		ꜥꜣm	866579		[Asiat]
1326	ꜥḏꜣ		ꜥḏꜣ	867071		[Unrecht]
1327	ꜥpj		ꜥpi̯	864596		[durchschreiten; fliegen]
1328	ꜥḏ		ꜥḏ	864275		[wohlbehalten sein]
1329	ꜥꜥꜣm					
1330	ꜣḥj		ꜣḥi̯	864095		[überschwemmen]
1331	ꜥḏꜣ		ꜥḏꜣ	867071		[Unrecht]
1332	ꜥff		ꜥff	866681		[summen]
1333	ꜥgn					
1334	ꜥgn		ꜥgn	867056		[Kalb]
1335	ꜥgs					
1336	ꜥḫj		ꜥḫi̯	864179		[Feuerbecken]
1337	ꜥẖm		ꜥẖm	867014		[Schauder erwecken]
1338	ꜥẖm		ꜥẖm	867014		[Schauder erwecken]
1339	ꜥḥꜣ		ꜥḥꜣ	864098		[kämpfen]
1340	ꜣzḫ		ꜣzḫ	864134		[sicheln; ernten]
1341	ꜥjꜣ		ꜥjꜣ	866249		[Leinen]
1342	ꜣṯj		ꜣṯi̯	864278		[warten; erziehen]
1343	ꜥm		ꜥm	866699		[verschlucken]
1344	qnb		qnb	871853		[biegen; beugen]
1345	hꜣj		hꜣi̯	866237		[herabsteigen]
1346	jjr					
1347	ḏt					
1348	hrw		hru̯	872201		[zufrieden sein]
1349	knm		knm	875981		[einhüllen]
1350	sr		sr	876584		[ankündigen]
1351	dbs		dbs	878318		[stechen]
1352	wḏb		wḏb	868835		[umwenden]
1353	qn		qni̯	873887		[fett sein]
1354	sr		sr	876584		[ankündigen]
1356	šdj		sšd	875564		[umbinden]
1357	qḥ		qḥ	875993		[(Steine) brechen]
1358	tkꜣ					
